Photo_ID,Original_ID,Serial_number,filename,width,height,resolutions,Catalogue_number,Accepted Name,Genus,Species,Abbreviation,Subspecific Taxon Text,Authorship,Verification Status
1,323998,323998,001.jpg,2560,2048,2560_2048,K:MSB-000323998,Epidendrum difforme,Epidendrum,difforme,,,Jacq.,Identification by collector unverified
2,323998_02,323998,002.jpg,2560,2048,2560_2048,K:MSB-000323998,Epidendrum difforme,Epidendrum,difforme,,,Jacq.,Identification by collector unverified
3,323998_03,323998,003.jpg,2560,2048,2560_2048,K:MSB-000323998,Epidendrum difforme,Epidendrum,difforme,,,Jacq.,Identification by collector unverified
4,336646_01,336646,004.jpg,2560,2048,2560_2048,K:MSB-000336646,Acampe pachyglossa,Acampe,pachyglossa,,,Rchb.f.,Identification by collector unverified
5,336646_one by the bubble,336646,005.jpg,2560,2048,2560_2048,K:MSB-000336646,Acampe pachyglossa,Acampe,pachyglossa,,,Rchb.f.,Identification by collector unverified
6,336646_one by the snake and the similar,336646,006.jpg,2560,2048,2560_2048,K:MSB-000336646,Acampe pachyglossa,Acampe,pachyglossa,,,Rchb.f.,Identification by collector unverified
7,336646_probably nothing,336646,007.jpg,2560,2048,2560_2048,K:MSB-000336646,Acampe pachyglossa,Acampe,pachyglossa,,,Rchb.f.,Identification by collector unverified
8,365000_00,365000,008.jpg,2560,2048,2560_2048,K:MSB-000365000,Angraecum,Angraecum,,,,Bory,Identification by collector unverified
9,365000_01,365000,009.jpg,2560,2048,2560_2048,K:MSB-000365000,Angraecum,Angraecum,,,,Bory,Identification by collector unverified
10,365000_02,365000,010.jpg,2560,2048,2560_2048,K:MSB-000365000,Angraecum,Angraecum,,,,Bory,Identification by collector unverified
11,365000_03,365000,011.jpg,2560,2048,2560_2048,K:MSB-000365000,Angraecum,Angraecum,,,,Bory,Identification by collector unverified
12,394660_00,394660,012.jpg,2560,2048,2560_2048,K:MSB-000394660,Polystachya rosea,Polystachya,rosea,,,Ridl.,Field identification by specialist verified
13,394660_01,394660,013.jpg,2560,2048,2560_2048,K:MSB-000394660,Polystachya rosea,Polystachya,rosea,,,Ridl.,Field identification by specialist verified
14,394660_02,394660,014.jpg,2560,2048,2560_2048,K:MSB-000394660,Polystachya rosea,Polystachya,rosea,,,Ridl.,Field identification by specialist verified
15,394660_03,394660,015.jpg,2560,2048,2560_2048,K:MSB-000394660,Polystachya rosea,Polystachya,rosea,,,Ridl.,Field identification by specialist verified
16,394660_04,394660,016.jpg,2560,2048,2560_2048,K:MSB-000394660,Polystachya rosea,Polystachya,rosea,,,Ridl.,Field identification by specialist verified
17,394660_05,394660,017.jpg,2560,2048,2560_2048,K:MSB-000394660,Polystachya rosea,Polystachya,rosea,,,Ridl.,Field identification by specialist verified
18,394969_00,394969,018.jpg,2560,2048,2560_2048,K:MSB-000394969,Polystachya cultriformis,Polystachya,cultriformis,,,(Thouars) Lindl. ex Spreng.,Field identification by specialist verified
19,394969_01,394969,019.jpg,2560,2048,2560_2048,K:MSB-000394969,Polystachya cultriformis,Polystachya,cultriformis,,,(Thouars) Lindl. ex Spreng.,Field identification by specialist verified
20,394969_02,394969,020.jpg,2560,2048,2560_2048,K:MSB-000394969,Polystachya cultriformis,Polystachya,cultriformis,,,(Thouars) Lindl. ex Spreng.,Field identification by specialist verified
21,394969_03,394969,021.jpg,2560,2048,2560_2048,K:MSB-000394969,Polystachya cultriformis,Polystachya,cultriformis,,,(Thouars) Lindl. ex Spreng.,Field identification by specialist verified
22,394981_00,394981,022.jpg,2560,2048,2560_2048,K:MSB-000394981,Jumellea arborescens,Jumellea,arborescens,,,H.Perrier,Identification by collector unverified
23,394981_01,394981,023.jpg,2560,2048,2560_2048,K:MSB-000394981,Jumellea arborescens,Jumellea,arborescens,,,H.Perrier,Identification by collector unverified
24,394992_00,394992,024.jpg,2560,2048,2560_2048,K:MSB-000394992,Bulbophyllum edentatum,Bulbophyllum,edentatum,,,H.Perrier,Field identification by specialist verified
25,394992_01,394992,025.jpg,2560,2048,2560_2048,K:MSB-000394992,Bulbophyllum edentatum,Bulbophyllum,edentatum,,,H.Perrier,Field identification by specialist verified
26,394992_02,394992,026.jpg,2560,2048,2560_2048,K:MSB-000394992,Bulbophyllum edentatum,Bulbophyllum,edentatum,,,H.Perrier,Field identification by specialist verified
27,394992_03,394992,027.jpg,2560,2048,2560_2048,K:MSB-000394992,Bulbophyllum edentatum,Bulbophyllum,edentatum,,,H.Perrier,Field identification by specialist verified
28,394992_04,394992,028.jpg,2560,2048,2560_2048,K:MSB-000394992,Bulbophyllum edentatum,Bulbophyllum,edentatum,,,H.Perrier,Field identification by specialist verified
29,458911,458911,029.jpg,2560,2048,2560_2048,K:MSB-000458911,Epidendrum montserratense,Epidendrum,montserratense,,,Nir,Verified by Kew
30,458911_01,458911,030.jpg,2560,2048,2560_2048,K:MSB-000458911,Epidendrum montserratense,Epidendrum,montserratense,,,Nir,Verified by Kew
31,458911_02,458911,031.jpg,2560,2048,2560_2048,K:MSB-000458911,Epidendrum montserratense,Epidendrum,montserratense,,,Nir,Verified by Kew
32,458911_03,458911,032.jpg,2560,2048,2560_2048,K:MSB-000458911,Epidendrum montserratense,Epidendrum,montserratense,,,Nir,Verified by Kew
33,494515,494515,033.jpg,2560,2048,2560_2048,K:MSB-000494515,Sobennikoffia robusta,Sobennikoffia,robusta,,,(Schltr.) Schltr.,Verified by other institution
34,524083_1,524083,034.jpg,1280,1024,1280_1024,K:MSB-000524083,Bulbophyllum,Bulbophyllum,,,,Thouars,Provisional identification
35,524083_2,524083,035.jpg,1280,1024,1280_1024,K:MSB-000524083,Bulbophyllum,Bulbophyllum,,,,Thouars,Provisional identification
36,524083_3,524083,036.jpg,2560,2048,2560_2048,K:MSB-000524083,Bulbophyllum,Bulbophyllum,,,,Thouars,Provisional identification
37,534246_00,534246,037.jpg,2560,2048,2560_2048,K:MSB-000534246,Angraecum,Angraecum,,,,Bory,Provisional identification
38,534246_01,534246,038.jpg,2560,2048,2560_2048,K:MSB-000534246,Angraecum,Angraecum,,,,Bory,Provisional identification
39,605759,605759,039.jpg,1280,1024,1280_1024,K:MSB-000605759,Beclardia macrostachya,Beclardia,macrostachya,,,(Thouars) A.Rich.,Verified by Kew
40,605760_00,605760,040.jpg,2560,2048,2560_2048,K:MSB-000605760,Aerangis,Aerangis,,,,Rchb.f.,Provisional identification
41,605760_01,605760,041.jpg,2560,2048,2560_2048,K:MSB-000605760,Aerangis,Aerangis,,,,Rchb.f.,Provisional identification
42,605760_02,605760,042.jpg,2560,2048,2560_2048,K:MSB-000605760,Aerangis,Aerangis,,,,Rchb.f.,Provisional identification
43,623241,623241,043.jpg,2560,2048,2560_2048,K:MSB-000623241,Sobennikoffia robusta,Sobennikoffia,robusta,,,(Schltr.) Schltr.,Verified by Kew
44,641375_01_c,641375,044.jpg,2560,2048,2560_2048,K:MSB-000641375,Polystachya cornigera,Polystachya,cornigera,,,Schltr.,Verified by Kew
45,641375_02_c,641375,045.jpg,2560,2048,2560_2048,K:MSB-000641375,Polystachya cornigera,Polystachya,cornigera,,,Schltr.,Verified by Kew
46,641375_03_c,641375,046.jpg,2560,2048,2560_2048,K:MSB-000641375,Polystachya cornigera,Polystachya,cornigera,,,Schltr.,Verified by Kew
47,641319_00,641319,047.jpg,2560,2048,2560_2048,K:MSB-000641319,Polystachya anceps,Polystachya,anceps,,,Ridl.,Verified by Kew
48,641319_01,641319,048.jpg,2560,2048,2560_2048,K:MSB-000641319,Polystachya anceps,Polystachya,anceps,,,Ridl.,Verified by Kew
49,641319_02,641319,049.jpg,2560,2048,2560_2048,K:MSB-000641319,Polystachya anceps,Polystachya,anceps,,,Ridl.,Verified by Kew
50,641319_03,641319,050.jpg,2560,2048,2560_2048,K:MSB-000641319,Polystachya anceps,Polystachya,anceps,,,Ridl.,Verified by Kew
51,641319_04,641319,051.jpg,2560,2048,2560_2048,K:MSB-000641319,Polystachya anceps,Polystachya,anceps,,,Ridl.,Verified by Kew
52,641319_05,641319,052.jpg,2560,2048,2560_2048,K:MSB-000641319,Polystachya anceps,Polystachya,anceps,,,Ridl.,Verified by Kew
53,641319_06,641319,053.jpg,2560,2048,2560_2048,K:MSB-000641319,Polystachya anceps,Polystachya,anceps,,,Ridl.,Verified by Kew
54,641319_070,641319,054.jpg,2560,2048,2560_2048,K:MSB-000641319,Polystachya anceps,Polystachya,anceps,,,Ridl.,Verified by Kew
55,641319_071,641319,055.jpg,2560,2048,2560_2048,K:MSB-000641319,Polystachya anceps,Polystachya,anceps,,,Ridl.,Verified by Kew
56,641319_072,641319,056.jpg,2560,2048,2560_2048,K:MSB-000641319,Polystachya anceps,Polystachya,anceps,,,Ridl.,Verified by Kew
57,641319_08.jpg0,641319,057.jpg,2560,2048,2560_2048,K:MSB-000641319,Polystachya anceps,Polystachya,anceps,,,Ridl.,Verified by Kew
58,641319_08.jpg1,641319,058.jpg,2560,2048,2560_2048,K:MSB-000641319,Polystachya anceps,Polystachya,anceps,,,Ridl.,Verified by Kew
59,641319_08.jpg2,641319,059.jpg,2560,2048,2560_2048,K:MSB-000641319,Polystachya anceps,Polystachya,anceps,,,Ridl.,Verified by Kew
60,641319_08.jpg3,641319,060.jpg,2560,2048,2560_2048,K:MSB-000641319,Polystachya anceps,Polystachya,anceps,,,Ridl.,Verified by Kew
61,641319_c,641319,061.jpg,2560,2048,2560_2048,K:MSB-000641319,Polystachya anceps,Polystachya,anceps,,,Ridl.,Verified by Kew
62,641319_02_c,641319,062.jpg,2560,2048,2560_2048,K:MSB-000641319,Polystachya anceps,Polystachya,anceps,,,Ridl.,Verified by Kew
63,641319_03_c,641319,063.jpg,2560,2048,2560_2048,K:MSB-000641319,Polystachya anceps,Polystachya,anceps,,,Ridl.,Verified by Kew
64,641319_04_c,641319,064.jpg,2560,2048,2560_2048,K:MSB-000641319,Polystachya anceps,Polystachya,anceps,,,Ridl.,Verified by Kew
65,641361_1,641364,065.jpg,2560,2048,2560_2048,K:MSB-000641364,Angraecum calceolus,Angraecum,calceolus,,,Thouars,Verified by Kew
66,641364_2,641364,066.jpg,2560,2048,2560_2048,K:MSB-000641364,Angraecum calceolus,Angraecum,calceolus,,,Thouars,Verified by Kew
67,641364_01_c,641364,067.jpg,2560,2048,2560_2048,K:MSB-000641364,Angraecum calceolus,Angraecum,calceolus,,,Thouars,Verified by Kew
68,641364_02_c,641364,068.jpg,2560,2048,2560_2048,K:MSB-000641364,Angraecum calceolus,Angraecum,calceolus,,,Thouars,Verified by Kew
69,641375_00,641375,069.jpg,2560,2048,2560_2048,K:MSB-000641375,Polystachya cornigera,Polystachya,cornigera,,,Schltr.,Verified by Kew
70,641375_01,641375,070.jpg,2560,2048,2560_2048,K:MSB-000641375,Polystachya cornigera,Polystachya,cornigera,,,Schltr.,Verified by Kew
71,641375_02,641375,071.jpg,2560,2048,2560_2048,K:MSB-000641375,Polystachya cornigera,Polystachya,cornigera,,,Schltr.,Verified by Kew
72,641375_03,641375,072.jpg,2560,2048,2560_2048,K:MSB-000641375,Polystachya cornigera,Polystachya,cornigera,,,Schltr.,Verified by Kew
73,657644_1_al,657644,073.jpg,2560,2048,2560_2048,K:MSB-000657644,Bulbophyllum trifarium,Bulbophyllum,trifarium,,,Rolfe,Verified by other institution
74,657644_2,657644,074.jpg,2560,2048,2560_2048,K:MSB-000657644,Bulbophyllum trifarium,Bulbophyllum,trifarium,,,Rolfe,Verified by other institution
75,657644_3,657644,075.jpg,2560,2048,2560_2048,K:MSB-000657644,Bulbophyllum trifarium,Bulbophyllum,trifarium,,,Rolfe,Verified by other institution
76,695965_1alive_nl,695965,076.jpg,2560,2048,2560_2048,K:MSB-000695965,Acampe pachyglossa,Acampe,pachyglossa,,,Rchb.f.,Verified by other institution
77,695965_2aliveish_nl,695965,077.jpg,2560,2048,2560_2048,K:MSB-000695965,Acampe pachyglossa,Acampe,pachyglossa,,,Rchb.f.,Verified by other institution
78,695965_nl_4alive,695965,078.jpg,2560,2048,2560_2048,K:MSB-000695965,Acampe pachyglossa,Acampe,pachyglossa,,,Rchb.f.,Verified by other institution
79,695965_01_cryo,695965,079.jpg,2560,2048,2560_2048,K:MSB-000695965,Acampe pachyglossa,Acampe,pachyglossa,,,Rchb.f.,Verified by other institution
80,695965_02_cryo,695965,080.jpg,2560,2048,2560_2048,K:MSB-000695965,Acampe pachyglossa,Acampe,pachyglossa,,,Rchb.f.,Verified by other institution
81,696250,696250,081.jpg,2560,2048,2560_2048,K:MSB-000696250,Jumellea pachyceras,Jumellea,pachyceras,,,Schltr.,Verified by other institution
82,696250_2,696250,082.jpg,2560,2048,2560_2048,K:MSB-000696250,Jumellea pachyceras,Jumellea,pachyceras,,,Schltr.,Verified by other institution
83,696250_3,696250,083.jpg,2560,2048,2560_2048,K:MSB-000696250,Jumellea pachyceras,Jumellea,pachyceras,,,Schltr.,Verified by other institution
84,696250_01_cryo,696250,084.jpg,2560,2048,2560_2048,K:MSB-000696250,Jumellea pachyceras,Jumellea,pachyceras,,,Schltr.,Verified by other institution
85,696250_02_cryo,696250,085.jpg,2560,2048,2560_2048,K:MSB-000696250,Jumellea pachyceras,Jumellea,pachyceras,,,Schltr.,Verified by other institution
86,696261,696261,086.jpg,2560,2048,2560_2048,K:MSB-000696261,Angraecum compactum,Angraecum,compactum,,,Schltr.,Verified by other institution
87,696261_cryo_0,696261,087.jpg,2560,2048,2560_2048,K:MSB-000696261,Angraecum compactum,Angraecum,compactum,,,Schltr.,Verified by other institution
88,696261_cryo_1,696261,088.jpg,2560,2048,2560_2048,K:MSB-000696261,Angraecum compactum,Angraecum,compactum,,,Schltr.,Verified by other institution
89,696272_1,696272,089.jpg,2560,2048,2560_2048,K:MSB-000696272,Bulbophyllum occlusum,Bulbophyllum,occlusum,,,Ridl.,Verified by other institution
90,696272_2,696272,090.jpg,2560,2048,2560_2048,K:MSB-000696272,Bulbophyllum occlusum,Bulbophyllum,occlusum,,,Ridl.,Verified by other institution
91,696272_3,696272,091.jpg,2560,2048,2560_2048,K:MSB-000696272,Bulbophyllum occlusum,Bulbophyllum,occlusum,,,Ridl.,Verified by other institution
92,696272_cryo_0,696272,092.jpg,2560,2048,2560_2048,K:MSB-000696272,Bulbophyllum occlusum,Bulbophyllum,occlusum,,,Ridl.,Verified by other institution
93,696272_cryo_1,696272,093.jpg,2560,2048,2560_2048,K:MSB-000696272,Bulbophyllum occlusum,Bulbophyllum,occlusum,,,Ridl.,Verified by other institution
94,696272_cryo_2,696272,094.jpg,2560,2048,2560_2048,K:MSB-000696272,Bulbophyllum occlusum,Bulbophyllum,occlusum,,,Ridl.,Verified by other institution
95,708144_cryo_0,708144,095.jpg,2560,2048,2560_2048,K:MSB-000708144,Microcoelia exilis,Microcoelia,exilis,,,Lindl.,Verified by Kew
96,708144_cryo_1,708144,096.jpg,2560,2048,2560_2048,K:MSB-000708144,Microcoelia exilis,Microcoelia,exilis,,,Lindl.,Verified by Kew
97,708144_cryo_3,708144,097.jpg,2560,2048,2560_2048,K:MSB-000708144,Microcoelia exilis,Microcoelia,exilis,,,Lindl.,Verified by Kew
98,764887_nl_1alive,764887,098.jpg,2560,2048,2560_2048,K:MSB-000764887,Bulbophyllum occlusum,Bulbophyllum,occlusum,,,Ridl.,Verified by Kew
99,764887_nl_3alive,764887,099.jpg,2560,2048,2560_2048,K:MSB-000764887,Bulbophyllum occlusum,Bulbophyllum,occlusum,,,Ridl.,Verified by Kew
100,764887_nl_4alive,764887,100.jpg,2560,2048,2560_2048,K:MSB-000764887,Bulbophyllum occlusum,Bulbophyllum,occlusum,,,Ridl.,Verified by Kew
101,764_nl_5ishalive,764887,101.jpg,2560,2048,2560_2048,K:MSB-000764887,Bulbophyllum occlusum,Bulbophyllum,occlusum,,,Ridl.,Verified by Kew
102,764887_4alive_1cryo,764887,102.jpg,2560,2048,2560_2048,K:MSB-000764887,Bulbophyllum occlusum,Bulbophyllum,occlusum,,,Ridl.,Verified by Kew
103,764887_4alive_2cryo,764887,103.jpg,2560,2048,2560_2048,K:MSB-000764887,Bulbophyllum occlusum,Bulbophyllum,occlusum,,,Ridl.,Verified by Kew
104,764887_4alive_3cryo,764887,104.jpg,2560,2048,2560_2048,K:MSB-000764887,Bulbophyllum occlusum,Bulbophyllum,occlusum,,,Ridl.,Verified by Kew
105,764935_1,764935,105.jpg,2560,2048,2560_2048,K:MSB-000764935,Jumellea maxillarioides,Jumellea,maxillarioides,,,(Ridl.) Schltr.,Field identification by specialist verified
106,764935_2,764935,106.jpg,2560,2048,2560_2048,K:MSB-000764935,Jumellea maxillarioides,Jumellea,maxillarioides,,,(Ridl.) Schltr.,Field identification by specialist verified
107,764935_1_cryo,764935,107.jpg,2560,2048,2560_2048,K:MSB-000764935,Jumellea maxillarioides,Jumellea,maxillarioides,,,(Ridl.) Schltr.,Field identification by specialist verified
108,764935_2_cryo,764935,108.jpg,2560,2048,2560_2048,K:MSB-000764935,Jumellea maxillarioides,Jumellea,maxillarioides,,,(Ridl.) Schltr.,Field identification by specialist verified
109,764935_3_cryo,764935,109.jpg,2560,2048,2560_2048,K:MSB-000764935,Jumellea maxillarioides,Jumellea,maxillarioides,,,(Ridl.) Schltr.,Field identification by specialist verified
110,764946_1_cryo,764946,110.jpg,2560,2048,2560_2048,K:MSB-000764946,Jumellea lignosa,Jumellea,lignosa,,,(Schltr.) Schltr.,Verified by Kew
111,764946_1alive_2_cryo,764946,111.jpg,2560,2048,2560_2048,K:MSB-000764946,Jumellea lignosa,Jumellea,lignosa,,,(Schltr.) Schltr.,Verified by Kew
112,764946_3_cryo,764946,112.jpg,2560,2048,2560_2048,K:MSB-000764946,Jumellea lignosa,Jumellea,lignosa,,,(Schltr.) Schltr.,Verified by Kew
113,765013_0_cryo,765013,113.jpg,2560,2048,2560_2048,K:MSB-000765013,Bulbophyllum brevipetalum,Bulbophyllum,brevipetalum,,,H.Perrier,Verified by other institution
114,765013_1_cryo,765013,114.jpg,2560,2048,2560_2048,K:MSB-000765013,Bulbophyllum brevipetalum,Bulbophyllum,brevipetalum,,,H.Perrier,Verified by other institution
115,765013_2_cryo,765013,115.jpg,2560,2048,2560_2048,K:MSB-000765013,Bulbophyllum brevipetalum,Bulbophyllum,brevipetalum,,,H.Perrier,Verified by other institution
116,765035_1_cryo,765035,116.jpg,2560,2048,2560_2048,K:MSB-000765035,Oeonia rosea,Oeonia,rosea,,,Ridl.,Field identification by specialist verified
117,765035_2_cryo,765035,117.jpg,2560,2048,2560_2048,K:MSB-000765035,Oeonia rosea,Oeonia,rosea,,,Ridl.,Field identification by specialist verified
118,770732,770732,118.jpg,2560,2048,2560_2048,K:MSB-000770732,Domingoa haematochila,Domingoa,haematochila,,,(Rchb.f.) Carabia,Verified by other institution
119,770732_1,770732,119.jpg,1280,1024,1280_1024,K:MSB-000770732,Domingoa haematochila,Domingoa,haematochila,,,(Rchb.f.) Carabia,Verified by other institution
120,770732_2,770732,120.jpg,1280,1024,1280_1024,K:MSB-000770732,Domingoa haematochila,Domingoa,haematochila,,,(Rchb.f.) Carabia,Verified by other institution
121,770732_3,770732,121.jpg,2560,2048,2560_2048,K:MSB-000770732,Domingoa haematochila,Domingoa,haematochila,,,(Rchb.f.) Carabia,Verified by other institution
122,770743,770743,122.jpg,2560,2048,2560_2048,K:MSB-000770743,Psychilis monensis,Psychilis,monensis,,,Sauleda,Verified by other institution
123,770743_1,770743,123.jpg,2560,2048,2560_2048,K:MSB-000770743,Psychilis monensis,Psychilis,monensis,,,Sauleda,Verified by other institution
124,770743_2,770743,124.jpg,2560,2048,2560_2048,K:MSB-000770743,Psychilis monensis,Psychilis,monensis,,,Sauleda,Verified by other institution
125,770743_3,770743,125.jpg,2560,2048,2560_2048,K:MSB-000770743,Psychilis monensis,Psychilis,monensis,,,Sauleda,Verified by other institution
126,770751_1,770751,126.jpg,2560,2048,2560_2048,,,,,,,,
127,770751_2,770751,127.jpg,2560,2048,2560_2048,,,,,,,,
128,770751_3,770751,128.jpg,2560,2048,2560_2048,,,,,,,,
129,770751_4,770751,129.jpg,2560,2048,2560_2048,,,,,,,,
130,770751_5_2l,770751,130.jpg,2560,2048,2560_2048,,,,,,,,
131,770846,770846,131.jpg,2560,2048,2560_2048,K:MSB-000770846,Psychilis krugii,Psychilis,krugii,,,(Bello) Sauleda,Verified by other institution
132,770846_2,770846,132.jpg,2560,2048,2560_2048,K:MSB-000770846,Psychilis krugii,Psychilis,krugii,,,(Bello) Sauleda,Verified by other institution
133,770846_3,770846,133.jpg,2560,2048,2560_2048,K:MSB-000770846,Psychilis krugii,Psychilis,krugii,,,(Bello) Sauleda,Verified by other institution
134,770846_4,770846,134.jpg,2560,2048,2560_2048,K:MSB-000770846,Psychilis krugii,Psychilis,krugii,,,(Bello) Sauleda,Verified by other institution
135,783284_1,783284,135.jpg,2560,2048,2560_2048,K:MSB-000783284,Polystachya concreta,Polystachya,concreta,,,(Jacq.) Garay & H.R.Sweet,Verified by other institution
136,783284_1_nl,783284,136.jpg,2560,2048,2560_2048,K:MSB-000783284,Polystachya concreta,Polystachya,concreta,,,(Jacq.) Garay & H.R.Sweet,Verified by other institution
137,783284_1_nl_slide2,783284,137.jpg,2560,2048,2560_2048,K:MSB-000783284,Polystachya concreta,Polystachya,concreta,,,(Jacq.) Garay & H.R.Sweet,Verified by other institution
138,783284_1_nl_slide2_11,783284,138.jpg,2560,2048,2560_2048,K:MSB-000783284,Polystachya concreta,Polystachya,concreta,,,(Jacq.) Garay & H.R.Sweet,Verified by other institution
139,783284_1_nl2,783284,139.jpg,2560,2048,2560_2048,K:MSB-000783284,Polystachya concreta,Polystachya,concreta,,,(Jacq.) Garay & H.R.Sweet,Verified by other institution
140,783284_1_slide2_nl,783284,140.jpg,2560,2048,2560_2048,K:MSB-000783284,Polystachya concreta,Polystachya,concreta,,,(Jacq.) Garay & H.R.Sweet,Verified by other institution
141,783284_2,783284,141.jpg,2560,2048,2560_2048,K:MSB-000783284,Polystachya concreta,Polystachya,concreta,,,(Jacq.) Garay & H.R.Sweet,Verified by other institution
142,783284_3,783284,142.jpg,2560,2048,2560_2048,K:MSB-000783284,Polystachya concreta,Polystachya,concreta,,,(Jacq.) Garay & H.R.Sweet,Verified by other institution
143,814335,814335,143.jpg,2560,2048,2560_2048,K:MSB-000814335,Eulophia roempleriana,Eulophia,roempleriana,,,(Rchb.f.) M.W.Chase & Schuit.,Verified by other institution
144,814379,814379,144.jpg,2560,2048,2560_2048,K:MSB-000814379,Bulbophyllum elliotii,Bulbophyllum,elliotii,,,Rolfe,Field identification by specialist verified
145,814379_1,814379,145.jpg,2560,2048,2560_2048,K:MSB-000814379,Bulbophyllum elliotii,Bulbophyllum,elliotii,,,Rolfe,Field identification by specialist verified
146,814427,814427,146.jpg,2560,2048,2560_2048,K:MSB-000814427,Bulbophyllum nitens,Bulbophyllum,nitens,,,Jum. & H.Perrier,Field identification by specialist verified
147,814427_2,814427,147.jpg,2560,2048,2560_2048,K:MSB-000814427,Bulbophyllum nitens,Bulbophyllum,nitens,,,Jum. & H.Perrier,Field identification by specialist verified
148,814450_nl_1,814450,148.jpg,2560,2048,2560_2048,K:MSB-000814450,Bulbophyllum sulfureum,Bulbophyllum,sulfureum,,,Schltr.,Field identification by specialist verified
149,814450_nl_2,814450,149.jpg,2560,2048,2560_2048,K:MSB-000814450,Bulbophyllum sulfureum,Bulbophyllum,sulfureum,,,Schltr.,Field identification by specialist verified
150,814450_nl_3,814450,150.jpg,2560,2048,2560_2048,K:MSB-000814450,Bulbophyllum sulfureum,Bulbophyllum,sulfureum,,,Schltr.,Field identification by specialist verified
151,814494,814494,151.jpg,2560,2048,2560_2048,K:MSB-000814494,Angraecum,Angraecum,,,,Bory,Provisional identification
152,814494_1,814494,152.jpg,2560,2048,2560_2048,K:MSB-000814494,Angraecum,Angraecum,,,,Bory,Provisional identification
153,814494_2,814494,153.jpg,2560,2048,2560_2048,K:MSB-000814494,Angraecum,Angraecum,,,,Bory,Provisional identification
154,814508,814508,154.jpg,2560,2048,2560_2048,K:MSB-000814508,Aeranthes setipes,Aeranthes,setipes,,,Schltr.,Verified by other institution
155,814508_1,814508,155.jpg,2560,2048,2560_2048,K:MSB-000814508,Aeranthes setipes,Aeranthes,setipes,,,Schltr.,Verified by other institution
156,814519,814519,156.jpg,2560,2048,2560_2048,K:MSB-000814519,Aeranthes caudata,Aeranthes,caudata,,,Rolfe,Provisional identification
157,642372_00,642372,157.jpg,2560,2000,2560_2000,K:MSB-000642372,Cymbidium bicolor,Cymbidium,bicolor,,,Lindl.,Verified by Kew
158,642372_01,642372,158.jpg,2560,2000,2560_2000,K:MSB-000642372,Cymbidium bicolor,Cymbidium,bicolor,,,Lindl.,Verified by Kew
159,642372_02,642372,159.jpg,2560,1988,2560_1988,K:MSB-000642372,Cymbidium bicolor,Cymbidium,bicolor,,,Lindl.,Verified by Kew
160,642372_03,642372,160.jpg,2560,1994,2560_1994,K:MSB-000642372,Cymbidium bicolor,Cymbidium,bicolor,,,Lindl.,Verified by Kew
161,642372_04,642372,161.jpg,2560,2000,2560_2000,K:MSB-000642372,Cymbidium bicolor,Cymbidium,bicolor,,,Lindl.,Verified by Kew
162,649142_00,649142,162.jpg,2560,1994,2560_1994,K:MSB-000649142,Ansellia africana,Ansellia,africana,,,Lindl.,Verified by Kew
163,649142_01,649142,163.jpg,2560,1988,2560_1988,K:MSB-000649142,Ansellia africana,Ansellia,africana,,,Lindl.,Verified by Kew
164,649142_02,649142,164.jpg,2560,1994,2560_1994,K:MSB-000649142,Ansellia africana,Ansellia,africana,,,Lindl.,Verified by Kew
165,649142_03,649142,165.jpg,2560,1988,2560_1988,K:MSB-000649142,Ansellia africana,Ansellia,africana,,,Lindl.,Verified by Kew
166,642006_00,642006,166.jpg,2560,2000,2560_2000,K:MSB-000642006,Aeranthes virginalis,Aeranthes,virginalis,,,D.L.Roberts,Verified by Kew
167,642006_01,642006,167.jpg,2560,1988,2560_1988,K:MSB-000642006,Aeranthes virginalis,Aeranthes,virginalis,,,D.L.Roberts,Verified by Kew
168,642006_02,642006,168.jpg,2560,1994,2560_1994,K:MSB-000642006,Aeranthes virginalis,Aeranthes,virginalis,,,D.L.Roberts,Verified by Kew
169,642006_03,642006,169.jpg,2560,1994,2560_1994,K:MSB-000642006,Aeranthes virginalis,Aeranthes,virginalis,,,D.L.Roberts,Verified by Kew
170,642383_00,642383,170.jpg,2560,1994,2560_1994,K:MSB-000642383,Barkeria melanocaulon,Barkeria,melanocaulon,,,A.Rich. & Galeotti,Verified by Kew
171,642383_01,642383,171.jpg,2560,1988,2560_1988,K:MSB-000642383,Barkeria melanocaulon,Barkeria,melanocaulon,,,A.Rich. & Galeotti,Verified by Kew
172,642383_02,642383,172.jpg,2560,1994,2560_1994,K:MSB-000642383,Barkeria melanocaulon,Barkeria,melanocaulon,,,A.Rich. & Galeotti,Verified by Kew
173,642394_00,642394,173.jpg,2560,2048,2560_2048,K:MSB-000642394,Cymbidium bicolor,Cymbidium,bicolor,,,Lindl.,Verified by Kew
174,642394_01,642394,174.jpg,2560,2048,2560_2048,K:MSB-000642394,Cymbidium bicolor,Cymbidium,bicolor,,,Lindl.,Verified by Kew
175,642394_02,642394,175.jpg,2560,2048,2560_2048,K:MSB-000642394,Cymbidium bicolor,Cymbidium,bicolor,,,Lindl.,Verified by Kew
176,642394_03,642394,176.jpg,2560,2048,2560_2048,K:MSB-000642394,Cymbidium bicolor,Cymbidium,bicolor,,,Lindl.,Verified by Kew
177,636748_00,636748,177.jpg,2560,2048,2560_2048,K:MSB-000636748,Cymbidium bicolor subsp. pubescens,Cymbidium,bicolor,subsp.,pubescens,(Lindl.) Du Puy & P.J.Cribb,Verified by Kew
178,636748_01,636748,178.jpg,2560,2048,2560_2048,K:MSB-000636748,Cymbidium bicolor subsp. pubescens,Cymbidium,bicolor,subsp.,pubescens,(Lindl.) Du Puy & P.J.Cribb,Verified by Kew
179,636748_03,636748,179.jpg,2560,1994,2560_1994,K:MSB-000636748,Cymbidium bicolor subsp. pubescens,Cymbidium,bicolor,subsp.,pubescens,(Lindl.) Du Puy & P.J.Cribb,Verified by Kew
180,642408_00,642408,180.jpg,2560,2048,2560_2048,K:MSB-000642408,Cymbidium bicolor,Cymbidium,bicolor,,,Lindl.,Verified by Kew
181,642408_01,642408,181.jpg,2560,2048,2560_2048,K:MSB-000642408,Cymbidium bicolor,Cymbidium,bicolor,,,Lindl.,Verified by Kew
182,642408_02,642408,182.jpg,2560,2048,2560_2048,K:MSB-000642408,Cymbidium bicolor,Cymbidium,bicolor,,,Lindl.,Verified by Kew
183,642408_03,642408,183.jpg,2560,2048,2560_2048,K:MSB-000642408,Cymbidium bicolor,Cymbidium,bicolor,,,Lindl.,Verified by Kew
184,652339_00,652339,184.jpg,2560,2048,2560_2048,K:MSB-000652339,Ansellia africana,Ansellia,africana,,,Lindl.,Verified by Kew
185,652339_01,652339,185.jpg,2560,2048,2560_2048,K:MSB-000652339,Ansellia africana,Ansellia,africana,,,Lindl.,Verified by Kew
186,652339_02,652339,186.jpg,2560,2048,2560_2048,K:MSB-000652339,Ansellia africana,Ansellia,africana,,,Lindl.,Verified by Kew
187,652339_03,652339,187.jpg,2560,2048,2560_2048,K:MSB-000652339,Ansellia africana,Ansellia,africana,,,Lindl.,Verified by Kew
188,661735_01,661735,188.jpg,2560,1988,2560_1988,K:MSB-000661735,Dendrobium moschatum,Dendrobium,moschatum,,,(Banks) Sw.,Verified by Kew
189,661735_02,661735,189.jpg,2560,1994,2560_1994,K:MSB-000661735,Dendrobium moschatum,Dendrobium,moschatum,,,(Banks) Sw.,Verified by Kew
190,661735_03,661735,190.jpg,2560,1982,2560_1982,K:MSB-000661735,Dendrobium moschatum,Dendrobium,moschatum,,,(Banks) Sw.,Verified by Kew
191,663625_00,663625,191.jpg,2560,2048,2560_2048,K:MSB-000663625,Laelia rubescens,Laelia,rubescens,,,Lindl.,Verified by Kew
192,663625_01,663625,192.jpg,2560,2048,2560_2048,K:MSB-000663625,Laelia rubescens,Laelia,rubescens,,,Lindl.,Verified by Kew
193,663625_02,663625,193.jpg,2560,2048,2560_2048,K:MSB-000663625,Laelia rubescens,Laelia,rubescens,,,Lindl.,Verified by Kew
194,663625_03,663625,194.jpg,2560,2048,2560_2048,K:MSB-000663625,Laelia rubescens,Laelia,rubescens,,,Lindl.,Verified by Kew
195,432098_00,432098,195.jpg,2560,2048,2560_2048,K:MSB-000432098,Barkeria melanocaulon,Barkeria,melanocaulon,,,A.Rich. & Galeotti,Verified by Kew
196,432098_01,432098,196.jpg,2560,2048,2560_2048,K:MSB-000432098,Barkeria melanocaulon,Barkeria,melanocaulon,,,A.Rich. & Galeotti,Verified by Kew
197,432098_02,432098,197.jpg,2560,2048,2560_2048,K:MSB-000432098,Barkeria melanocaulon,Barkeria,melanocaulon,,,A.Rich. & Galeotti,Verified by Kew
198,432098_03,432098,198.jpg,2560,2048,2560_2048,K:MSB-000432098,Barkeria melanocaulon,Barkeria,melanocaulon,,,A.Rich. & Galeotti,Verified by Kew
199,705246_0,705246,199.jpg,2560,2048,2560_2048,K:MSB-000705246,Angraecum eburneum subsp. giryamae,Angraecum,eburneum,subsp.,giryamae,(Rendle) Senghas & P.J.Cribb,Verified by Kew
200,747473_00,747473,200.jpg,2560,2048,2560_2048,K:MSB-000747473,Bulbophyllum falcatum,Bulbophyllum,falcatum,,,(Lindl.) Rchb.f.,Verified by Kew
201,747473_01,747473,201.jpg,2560,2048,2560_2048,K:MSB-000747473,Bulbophyllum falcatum,Bulbophyllum,falcatum,,,(Lindl.) Rchb.f.,Verified by Kew
202,747473_02,747473,202.jpg,2560,2048,2560_2048,K:MSB-000747473,Bulbophyllum falcatum,Bulbophyllum,falcatum,,,(Lindl.) Rchb.f.,Verified by Kew
203,747473_03,747473,203.jpg,2560,2048,2560_2048,K:MSB-000747473,Bulbophyllum falcatum,Bulbophyllum,falcatum,,,(Lindl.) Rchb.f.,Verified by Kew
204,738527_00,738527,204.jpg,2560,2048,2560_2048,K:MSB-000738527,Eria rostriflora,Eria,rostriflora,,,Rchb.f.,Verified by Kew
205,738527_01,738527,205.jpg,2560,2048,2560_2048,K:MSB-000738527,Eria rostriflora,Eria,rostriflora,,,Rchb.f.,Verified by Kew
206,738527_02,738527,206.jpg,2560,2048,2560_2048,K:MSB-000738527,Eria rostriflora,Eria,rostriflora,,,Rchb.f.,Verified by Kew
207,738527_03,738527,207.jpg,2560,2048,2560_2048,K:MSB-000738527,Eria rostriflora,Eria,rostriflora,,,Rchb.f.,Verified by Kew
208,755517_00,755517,208.jpg,2560,2048,2560_2048,K:MSB-000755517,Leptotes unicolor,Leptotes,unicolor,,,Barb.Rodr.,Verified by Kew
209,755517_01,755517,209.jpg,2560,2048,2560_2048,K:MSB-000755517,Leptotes unicolor,Leptotes,unicolor,,,Barb.Rodr.,Verified by Kew
210,739535_01,739535,210.jpg,2560,2048,2560_2048,K:MSB-000739535,Maxillaria rufescens,Maxillaria,rufescens,,,Lindl.,Verified by Kew
211,739535_02,739535,211.jpg,2560,2048,2560_2048,K:MSB-000739535,Maxillaria rufescens,Maxillaria,rufescens,,,Lindl.,Verified by Kew
212,739535_03,739535,212.jpg,2560,2048,2560_2048,K:MSB-000739535,Maxillaria rufescens,Maxillaria,rufescens,,,Lindl.,Verified by Kew
213,739535_04,739535,213.jpg,2560,2048,2560_2048,K:MSB-000739535,Maxillaria rufescens,Maxillaria,rufescens,,,Lindl.,Verified by Kew
214,739535_05,739535,214.jpg,2560,2048,2560_2048,K:MSB-000739535,Maxillaria rufescens,Maxillaria,rufescens,,,Lindl.,Verified by Kew
215,739535_06,739535,215.jpg,2560,2048,2560_2048,K:MSB-000739535,Maxillaria rufescens,Maxillaria,rufescens,,,Lindl.,Verified by Kew
216,739535_07,739535,216.jpg,2560,2048,2560_2048,K:MSB-000739535,Maxillaria rufescens,Maxillaria,rufescens,,,Lindl.,Verified by Kew
217,739535_08,739535,217.jpg,2560,2048,2560_2048,K:MSB-000739535,Maxillaria rufescens,Maxillaria,rufescens,,,Lindl.,Verified by Kew
218,791063_00,791063,218.jpg,2560,2048,2560_2048,K:MSB-000791063,Angraecum eburneum subsp. superbum,Angraecum,eburneum,subsp.,superbum,(Thouars) H.Perrier,Verified by Kew
219,791063_01,791063,219.jpg,2560,2048,2560_2048,K:MSB-000791063,Angraecum eburneum subsp. superbum,Angraecum,eburneum,subsp.,superbum,(Thouars) H.Perrier,Verified by Kew
220,791063_02,791063,220.jpg,2560,2048,2560_2048,K:MSB-000791063,Angraecum eburneum subsp. superbum,Angraecum,eburneum,subsp.,superbum,(Thouars) H.Perrier,Verified by Kew
221,791063_03,791063,221.jpg,2560,2048,2560_2048,K:MSB-000791063,Angraecum eburneum subsp. superbum,Angraecum,eburneum,subsp.,superbum,(Thouars) H.Perrier,Verified by Kew
222,784720_00,784720,222.jpg,2560,2048,2560_2048,K:MSB-000784720,Epidendrum secundum,Epidendrum,secundum,,,Jacq.,Verified by Kew
223,784720_01,784720,223.jpg,2560,2048,2560_2048,K:MSB-000784720,Epidendrum secundum,Epidendrum,secundum,,,Jacq.,Verified by Kew
224,784720_02,784720,224.jpg,2560,2048,2560_2048,K:MSB-000784720,Epidendrum secundum,Epidendrum,secundum,,,Jacq.,Verified by Kew
225,784720_03,784720,225.jpg,2560,2048,2560_2048,K:MSB-000784720,Epidendrum secundum,Epidendrum,secundum,,,Jacq.,Verified by Kew
226,791144_01,791144,226.jpg,2560,2048,2560_2048,K:MSB-000791144,Jumellea confusa,Jumellea,confusa,,,(Schltr.) Schltr.,Verified by Kew
227,791144_02,791144,227.jpg,2560,2048,2560_2048,K:MSB-000791144,Jumellea confusa,Jumellea,confusa,,,(Schltr.) Schltr.,Verified by Kew
228,791144_03,791144,228.jpg,2560,2048,2560_2048,K:MSB-000791144,Jumellea confusa,Jumellea,confusa,,,(Schltr.) Schltr.,Verified by Kew
229,791144_04,791144,229.jpg,2560,2048,2560_2048,K:MSB-000791144,Jumellea confusa,Jumellea,confusa,,,(Schltr.) Schltr.,Verified by Kew
230,791144_05,791144,230.jpg,2560,2048,2560_2048,K:MSB-000791144,Jumellea confusa,Jumellea,confusa,,,(Schltr.) Schltr.,Verified by Kew
231,791144_06,791144,231.jpg,2560,2048,2560_2048,K:MSB-000791144,Jumellea confusa,Jumellea,confusa,,,(Schltr.) Schltr.,Verified by Kew
232,814287_00,814287,232.jpg,2560,2048,2560_2048,K:MSB-000814287,Oeonia,Oeonia,,,,Lindl.,Identification by collector unverified
233,814287_01,814287,233.jpg,2560,2048,2560_2048,K:MSB-000814287,Oeonia,Oeonia,,,,Lindl.,Identification by collector unverified
234,814287_02,814287,234.jpg,2560,2048,2560_2048,K:MSB-000814287,Oeonia,Oeonia,,,,Lindl.,Identification by collector unverified
235,814450_00,814450,235.jpg,2560,2048,2560_2048,K:MSB-000814450,Bulbophyllum sulfureum,Bulbophyllum,sulfureum,,,Schltr.,Field identification by specialist verified
236,814450_01,814450,236.jpg,2560,2048,2560_2048,K:MSB-000814450,Bulbophyllum sulfureum,Bulbophyllum,sulfureum,,,Schltr.,Field identification by specialist verified
237,814450_02,814450,237.jpg,2560,2048,2560_2048,K:MSB-000814450,Bulbophyllum sulfureum,Bulbophyllum,sulfureum,,,Schltr.,Field identification by specialist verified
238,814335_00,814335,238.jpg,2560,2048,2560_2048,K:MSB-000814335,Eulophia roempleriana,Eulophia,roempleriana,,,(Rchb.f.) M.W.Chase & Schuit.,Verified by other institution
239,814335_01,814335,239.jpg,2560,2048,2560_2048,K:MSB-000814335,Eulophia roempleriana,Eulophia,roempleriana,,,(Rchb.f.) M.W.Chase & Schuit.,Verified by other institution
240,814335_02,814335,240.jpg,2560,2048,2560_2048,K:MSB-000814335,Eulophia roempleriana,Eulophia,roempleriana,,,(Rchb.f.) M.W.Chase & Schuit.,Verified by other institution
241,814324_00,814324,241.jpg,2560,2048,2560_2048,K:MSB-000814324,Bulbophyllum peyrotii,Bulbophyllum,peyrotii,,,Bosser,Field identification by specialist verified
242,814324_01,814324,242.jpg,2560,2048,2560_2048,K:MSB-000814324,Bulbophyllum peyrotii,Bulbophyllum,peyrotii,,,Bosser,Field identification by specialist verified
243,814427_00,814427,243.jpg,2560,2048,2560_2048,K:MSB-000814427,Bulbophyllum nitens,Bulbophyllum,nitens,,,Jum. & H.Perrier,Field identification by specialist verified
244,814427_01,814427,244.jpg,2560,2048,2560_2048,K:MSB-000814427,Bulbophyllum nitens,Bulbophyllum,nitens,,,Jum. & H.Perrier,Field identification by specialist verified
245,814427_02,814427,245.jpg,2560,2048,2560_2048,K:MSB-000814427,Bulbophyllum nitens,Bulbophyllum,nitens,,,Jum. & H.Perrier,Field identification by specialist verified
246,814379_00,814379,246.jpg,2560,2048,2560_2048,K:MSB-000814379,Bulbophyllum elliotii,Bulbophyllum,elliotii,,,Rolfe,Field identification by specialist verified
247,814379_01,814379,247.jpg,2560,2048,2560_2048,K:MSB-000814379,Bulbophyllum elliotii,Bulbophyllum,elliotii,,,Rolfe,Field identification by specialist verified
248,814379_02,814379,248.jpg,2560,2048,2560_2048,K:MSB-000814379,Bulbophyllum elliotii,Bulbophyllum,elliotii,,,Rolfe,Field identification by specialist verified
249,814313_00,814313,249.jpg,2560,2048,2560_2048,K:MSB-000814313,Angraecum calceolus,Angraecum,calceolus,,,Thouars,Field identification by specialist verified
250,814313_01,814313,250.jpg,2560,2048,2560_2048,K:MSB-000814313,Angraecum calceolus,Angraecum,calceolus,,,Thouars,Field identification by specialist verified
251,814313_02,814313,251.jpg,2560,2048,2560_2048,K:MSB-000814313,Angraecum calceolus,Angraecum,calceolus,,,Thouars,Field identification by specialist verified
252,814313_03,814313,252.jpg,2560,2048,2560_2048,K:MSB-000814313,Angraecum calceolus,Angraecum,calceolus,,,Thouars,Field identification by specialist verified
253,814494_00,814494,253.jpg,2560,2048,2560_2048,K:MSB-000814494,Angraecum,Angraecum,,,,Bory,Provisional identification
254,814494_01,814494,254.jpg,2560,2048,2560_2048,K:MSB-000814494,Angraecum,Angraecum,,,,Bory,Provisional identification
255,814508_00,814508,255.jpg,2560,2048,2560_2048,K:MSB-000814508,Aeranthes setipes,Aeranthes,setipes,,,Schltr.,Verified by other institution
256,814508_01,814508,256.jpg,2560,2048,2560_2048,K:MSB-000814508,Aeranthes setipes,Aeranthes,setipes,,,Schltr.,Verified by other institution
257,814508_02,814508,257.jpg,2560,2048,2560_2048,K:MSB-000814508,Aeranthes setipes,Aeranthes,setipes,,,Schltr.,Verified by other institution
258,814519_00,814519,258.jpg,2560,2048,2560_2048,K:MSB-000814519,Aeranthes caudata,Aeranthes,caudata,,,Rolfe,Provisional identification
259,814519_01,814519,259.jpg,2560,2048,2560_2048,K:MSB-000814519,Aeranthes caudata,Aeranthes,caudata,,,Rolfe,Provisional identification
260,814519_02,814519,260.jpg,2560,2048,2560_2048,K:MSB-000814519,Aeranthes caudata,Aeranthes,caudata,,,Rolfe,Provisional identification
261,794547_00,794547,261.jpg,2560,2048,2560_2048,K:MSB-000794547,Bulbophyllum,Bulbophyllum,,,,Thouars,Provisional identification
262,794547_01,794547,262.jpg,2560,2048,2560_2048,K:MSB-000794547,Bulbophyllum,Bulbophyllum,,,,Thouars,Provisional identification
263,793920_00,793920,263.jpg,2560,2048,2560_2048,K:MSB-000793920,Acampe pachyglossa,Acampe,pachyglossa,,,Rchb.f.,Verified by other institution
264,793920_01,793920,264.jpg,2560,2048,2560_2048,K:MSB-000793920,Acampe pachyglossa,Acampe,pachyglossa,,,Rchb.f.,Verified by other institution
265,793920_02,793920,265.jpg,2560,2048,2560_2048,K:MSB-000793920,Acampe pachyglossa,Acampe,pachyglossa,,,Rchb.f.,Verified by other institution
266,783284_00,783284,266.jpg,2560,2048,2560_2048,K:MSB-000783284,Polystachya concreta,Polystachya,concreta,,,(Jacq.) Garay & H.R.Sweet,Verified by other institution
267,783284_01,783284,267.jpg,2560,2048,2560_2048,K:MSB-000783284,Polystachya concreta,Polystachya,concreta,,,(Jacq.) Garay & H.R.Sweet,Verified by other institution
268,783284_02,783284,268.jpg,2560,2048,2560_2048,K:MSB-000783284,Polystachya concreta,Polystachya,concreta,,,(Jacq.) Garay & H.R.Sweet,Verified by other institution
269,783284_03,783284,269.jpg,2560,2048,2560_2048,K:MSB-000783284,Polystachya concreta,Polystachya,concreta,,,(Jacq.) Garay & H.R.Sweet,Verified by other institution
270,791144_00,791144,270.jpg,2560,2048,2560_2048,K:MSB-000791144,Jumellea confusa,Jumellea,confusa,,,(Schltr.) Schltr.,Verified by Kew
271,791144_01,791144,271.jpg,2560,2048,2560_2048,K:MSB-000791144,Jumellea confusa,Jumellea,confusa,,,(Schltr.) Schltr.,Verified by Kew
272,791144_02,791144,272.jpg,2560,2048,2560_2048,K:MSB-000791144,Jumellea confusa,Jumellea,confusa,,,(Schltr.) Schltr.,Verified by Kew
273,791144_03,791144,273.jpg,2560,2048,2560_2048,K:MSB-000791144,Jumellea confusa,Jumellea,confusa,,,(Schltr.) Schltr.,Verified by Kew
274,323998_00,323998,274.jpg,2560,2048,2560_2048,K:MSB-000323998,Epidendrum difforme,Epidendrum,difforme,,,Jacq.,Identification by collector unverified
275,323998_01,323998,275.jpg,2560,2048,2560_2048,K:MSB-000323998,Epidendrum difforme,Epidendrum,difforme,,,Jacq.,Identification by collector unverified
276,323998_02,323998,276.jpg,2560,2048,2560_2048,K:MSB-000323998,Epidendrum difforme,Epidendrum,difforme,,,Jacq.,Identification by collector unverified
277,666246_00,666246,277.jpg,2560,2048,2560_2048,K:MSB-000666246,Angraecum eburneum subsp. giryamae,Angraecum,eburneum,subsp.,giryamae,(Rendle) Senghas & P.J.Cribb,Verified by Kew
278,666246_01,666246,278.jpg,2560,2048,2560_2048,K:MSB-000666246,Angraecum eburneum subsp. giryamae,Angraecum,eburneum,subsp.,giryamae,(Rendle) Senghas & P.J.Cribb,Verified by Kew
279,666246_02,666246,279.jpg,2560,2048,2560_2048,K:MSB-000666246,Angraecum eburneum subsp. giryamae,Angraecum,eburneum,subsp.,giryamae,(Rendle) Senghas & P.J.Cribb,Verified by Kew
280,705246_00,705246,280.jpg,2560,2048,2560_2048,K:MSB-000705246,Angraecum eburneum subsp. giryamae,Angraecum,eburneum,subsp.,giryamae,(Rendle) Senghas & P.J.Cribb,Verified by Kew
281,705246_01,705246,281.jpg,2560,2048,2560_2048,K:MSB-000705246,Angraecum eburneum subsp. giryamae,Angraecum,eburneum,subsp.,giryamae,(Rendle) Senghas & P.J.Cribb,Verified by Kew
282,705246_02,705246,282.jpg,2560,2048,2560_2048,K:MSB-000705246,Angraecum eburneum subsp. giryamae,Angraecum,eburneum,subsp.,giryamae,(Rendle) Senghas & P.J.Cribb,Verified by Kew
285,747473_02,747473,285.jpg,2560,2048,2560_2048,K:MSB-000747473,Bulbophyllum falcatum,Bulbophyllum,falcatum,,,(Lindl.) Rchb.f.,Verified by Kew
286,747473_03,747473,286.jpg,2560,2048,2560_2048,K:MSB-000747473,Bulbophyllum falcatum,Bulbophyllum,falcatum,,,(Lindl.) Rchb.f.,Verified by Kew
287,738527_00,738527,287.jpg,2560,2048,2560_2048,K:MSB-000738527,Eria rostriflora,Eria,rostriflora,,,Rchb.f.,Verified by Kew
288,738527_01,738527,288.jpg,2560,2048,2560_2048,K:MSB-000738527,Eria rostriflora,Eria,rostriflora,,,Rchb.f.,Verified by Kew
289,738527_02,738527,289.jpg,2560,2048,2560_2048,K:MSB-000738527,Eria rostriflora,Eria,rostriflora,,,Rchb.f.,Verified by Kew
290,738527_03,738527,290.jpg,2560,2048,2560_2048,K:MSB-000738527,Eria rostriflora,Eria,rostriflora,,,Rchb.f.,Verified by Kew
291,739535_00,739535,291.jpg,2560,2048,2560_2048,K:MSB-000739535,Maxillaria rufescens,Maxillaria,rufescens,,,Lindl.,Verified by Kew
292,739535_01,739535,292.jpg,2560,2048,2560_2048,K:MSB-000739535,Maxillaria rufescens,Maxillaria,rufescens,,,Lindl.,Verified by Kew
293,739535_02,739535,293.jpg,2560,2048,2560_2048,K:MSB-000739535,Maxillaria rufescens,Maxillaria,rufescens,,,Lindl.,Verified by Kew
294,739535_03,739535,294.jpg,2560,2048,2560_2048,K:MSB-000739535,Maxillaria rufescens,Maxillaria,rufescens,,,Lindl.,Verified by Kew
295,739535_04,739535,295.jpg,2560,2048,2560_2048,K:MSB-000739535,Maxillaria rufescens,Maxillaria,rufescens,,,Lindl.,Verified by Kew
296,739535_05,739535,296.jpg,2560,2048,2560_2048,K:MSB-000739535,Maxillaria rufescens,Maxillaria,rufescens,,,Lindl.,Verified by Kew
297,461669_00,461669,297.jpg,2560,2048,2560_2048,K:MSB-000461669,Coelia bella,Coelia,bella,,,(Lem.) Rchb.f.,Verified by Kew
298,461669_01,461669,298.jpg,2560,2048,2560_2048,K:MSB-000461669,Coelia bella,Coelia,bella,,,(Lem.) Rchb.f.,Verified by Kew
299,461669_02,461669,299.jpg,2560,2048,2560_2048,K:MSB-000461669,Coelia bella,Coelia,bella,,,(Lem.) Rchb.f.,Verified by Kew
300,501312_00,501312,300.jpg,2560,2048,2560_2048,K:MSB-000501312,Dendrobium discolor,Dendrobium,discolor,,,Lindl.,Verified by Kew
301,501312_01,501312,301.jpg,2560,2048,2560_2048,K:MSB-000501312,Dendrobium discolor,Dendrobium,discolor,,,Lindl.,Verified by Kew
302,501312_02,501312,302.jpg,2560,2048,2560_2048,K:MSB-000501312,Dendrobium discolor,Dendrobium,discolor,,,Lindl.,Verified by Kew
303,494021_00,494021,303.jpg,2560,2048,2560_2048,K:MSB-000494021,Miltonia moreliana,Miltonia,moreliana,,,A.Rich.,Verified by Kew
304,494021_01,494021,304.jpg,2560,2048,2560_2048,K:MSB-000494021,Miltonia moreliana,Miltonia,moreliana,,,A.Rich.,Verified by Kew
305,494021_02,494021,305.jpg,2560,2048,2560_2048,K:MSB-000494021,Miltonia moreliana,Miltonia,moreliana,,,A.Rich.,Verified by Kew
306,494021_03,494021,306.jpg,2560,2048,2560_2048,K:MSB-000494021,Miltonia moreliana,Miltonia,moreliana,,,A.Rich.,Verified by Kew
307,494021_04,494021,307.jpg,2560,2048,2560_2048,K:MSB-000494021,Miltonia moreliana,Miltonia,moreliana,,,A.Rich.,Verified by Kew
308,581549_00,581549,308.jpg,2560,2048,2560_2048,K:MSB-000581549,Jumellea arachnantha,Jumellea,arachnantha,,,(Rchb.f.) Schltr.,Verified by Kew
309,581549_01,581549,309.jpg,2560,2048,2560_2048,K:MSB-000581549,Jumellea arachnantha,Jumellea,arachnantha,,,(Rchb.f.) Schltr.,Verified by Kew
310,581549_02,581549,310.jpg,2560,2048,2560_2048,K:MSB-000581549,Jumellea arachnantha,Jumellea,arachnantha,,,(Rchb.f.) Schltr.,Verified by Kew
311,581549_03,581549,311.jpg,2560,2048,2560_2048,K:MSB-000581549,Jumellea arachnantha,Jumellea,arachnantha,,,(Rchb.f.) Schltr.,Verified by Kew
312,581549_04,581549,312.jpg,2560,2048,2560_2048,K:MSB-000581549,Jumellea arachnantha,Jumellea,arachnantha,,,(Rchb.f.) Schltr.,Verified by Kew
313,581549_no husk_00,581549,313.jpg,2560,2048,2560_2048,K:MSB-000581549,Jumellea arachnantha,Jumellea,arachnantha,,,(Rchb.f.) Schltr.,Verified by Kew
314,581549_no husk_01,581549,314.jpg,2560,2048,2560_2048,K:MSB-000581549,Jumellea arachnantha,Jumellea,arachnantha,,,(Rchb.f.) Schltr.,Verified by Kew
315,581549_no husk_02,581549,315.jpg,2560,2048,2560_2048,K:MSB-000581549,Jumellea arachnantha,Jumellea,arachnantha,,,(Rchb.f.) Schltr.,Verified by Kew
316,581549_no husk_03,581549,316.jpg,2560,2048,2560_2048,K:MSB-000581549,Jumellea arachnantha,Jumellea,arachnantha,,,(Rchb.f.) Schltr.,Verified by Kew
317,581549_no husk_04,581549,317.jpg,2560,2048,2560_2048,K:MSB-000581549,Jumellea arachnantha,Jumellea,arachnantha,,,(Rchb.f.) Schltr.,Verified by Kew
318,581147_00,581147,318.jpg,2560,2048,2560_2048,K:MSB-000581147,Laelia rubescens,Laelia,rubescens,,,Lindl.,Verified by Kew
319,581147_01,581147,319.jpg,2560,2048,2560_2048,K:MSB-000581147,Laelia rubescens,Laelia,rubescens,,,Lindl.,Verified by Kew
320,532194_00,532194,320.jpg,2560,2048,2560_2048,K:MSB-000532194,Pleurothallis restrepioides,Pleurothallis,restrepioides,,,Lindl.,Verified by Kew
321,532194_01,532194,321.jpg,2560,2048,2560_2048,K:MSB-000532194,Pleurothallis restrepioides,Pleurothallis,restrepioides,,,Lindl.,Verified by Kew
322,532194_02,532194,322.jpg,2560,2048,2560_2048,K:MSB-000532194,Pleurothallis restrepioides,Pleurothallis,restrepioides,,,Lindl.,Verified by Kew
323,532194_03,532194,323.jpg,2560,2048,2560_2048,K:MSB-000532194,Pleurothallis restrepioides,Pleurothallis,restrepioides,,,Lindl.,Verified by Kew
324,532194_04,532194,324.jpg,2560,2048,2560_2048,K:MSB-000532194,Pleurothallis restrepioides,Pleurothallis,restrepioides,,,Lindl.,Verified by Kew
325,532194_05,532194,325.jpg,2560,2048,2560_2048,K:MSB-000532194,Pleurothallis restrepioides,Pleurothallis,restrepioides,,,Lindl.,Verified by Kew
326,559391_00,559391,326.jpg,2560,2048,2560_2048,K:MSB-000559391,Prosthechea cochleata,Prosthechea,cochleata,,,(L.) W.E.Higgins,Verified by Kew
327,559391_01,559391,327.jpg,2560,2048,2560_2048,K:MSB-000559391,Prosthechea cochleata,Prosthechea,cochleata,,,(L.) W.E.Higgins,Verified by Kew
328,559391_02,559391,328.jpg,2560,2048,2560_2048,K:MSB-000559391,Prosthechea cochleata,Prosthechea,cochleata,,,(L.) W.E.Higgins,Verified by Kew
329,559391_03,559391,329.jpg,2560,2048,2560_2048,K:MSB-000559391,Prosthechea cochleata,Prosthechea,cochleata,,,(L.) W.E.Higgins,Verified by Kew
330,613332_00,613332,330.jpg,2560,2048,2560_2048,K:MSB-000613332,Dendrobium plicatile,Dendrobium,plicatile,,,Lindl.,Verified by Kew
331,613332_01,613332,331.jpg,2560,2048,2560_2048,K:MSB-000613332,Dendrobium plicatile,Dendrobium,plicatile,,,Lindl.,Verified by Kew
332,613332_02,613332,332.jpg,2560,2048,2560_2048,K:MSB-000613332,Dendrobium plicatile,Dendrobium,plicatile,,,Lindl.,Verified by Kew
333,636830_00,636830,333.jpg,2560,2048,2560_2048,K:MSB-000636830,Chysis bractescens,Chysis,bractescens,,,Lindl.,Verified by Kew
334,636830_01,636830,334.jpg,2560,2048,2560_2048,K:MSB-000636830,Chysis bractescens,Chysis,bractescens,,,Lindl.,Verified by Kew
335,636807_00,636807,335.jpg,2560,2048,2560_2048,K:MSB-000636807,Lycaste cochleata,Lycaste,cochleata,,,Lindl.,Verified by Kew
336,636807_01,636807,336.jpg,2560,2048,2560_2048,K:MSB-000636807,Lycaste cochleata,Lycaste,cochleata,,,Lindl.,Verified by Kew
337,600352_00,600352,337.jpg,2560,2048,2560_2048,K:MSB-000600352,Polystachya galeata,Polystachya,galeata,,,(Sw.) Rchb.f.,Verified by Kew
338,600352_01,600352,338.jpg,2560,2048,2560_2048,K:MSB-000600352,Polystachya galeata,Polystachya,galeata,,,(Sw.) Rchb.f.,Verified by Kew
339,600352_02,600352,339.jpg,2560,2048,2560_2048,K:MSB-000600352,Polystachya galeata,Polystachya,galeata,,,(Sw.) Rchb.f.,Verified by Kew
340,600352_03,600352,340.jpg,2560,2048,2560_2048,K:MSB-000600352,Polystachya galeata,Polystachya,galeata,,,(Sw.) Rchb.f.,Verified by Kew
341,600329_00,600329,341.jpg,2560,2048,2560_2048,K:MSB-000600329,Sarcanthopsis hansemannii,Sarcanthopsis,hansemannii,,,(Kraenzl.) J.J.Wood & Ormerod,Verified by Kew
342,600329_01,600329,342.jpg,2560,2048,2560_2048,K:MSB-000600329,Sarcanthopsis hansemannii,Sarcanthopsis,hansemannii,,,(Kraenzl.) J.J.Wood & Ormerod,Verified by Kew
343,600329_02,600329,343.jpg,2560,2048,2560_2048,K:MSB-000600329,Sarcanthopsis hansemannii,Sarcanthopsis,hansemannii,,,(Kraenzl.) J.J.Wood & Ormerod,Verified by Kew
344,672696_00,672696,344.jpg,2560,2048,2560_2048,K:MSB-000672696,Polystachya galeata,Polystachya,galeata,,,(Sw.) Rchb.f.,Verified by Kew
345,672696_01,672696,345.jpg,2560,2048,2560_2048,K:MSB-000672696,Polystachya galeata,Polystachya,galeata,,,(Sw.) Rchb.f.,Verified by Kew
346,672696_02,672696,346.jpg,2560,2048,2560_2048,K:MSB-000672696,Polystachya galeata,Polystachya,galeata,,,(Sw.) Rchb.f.,Verified by Kew
347,706162_00,706162,347.jpg,2560,2048,2560_2048,K:MSB-000706162,Isochilus carnosiflorus,Isochilus,carnosiflorus,,,Lindl.,Verified by Kew
348,706162_01,706162,348.jpg,2560,2048,2560_2048,K:MSB-000706162,Isochilus carnosiflorus,Isochilus,carnosiflorus,,,Lindl.,Verified by Kew
349,706162_02,706162,349.jpg,2560,2048,2560_2048,K:MSB-000706162,Isochilus carnosiflorus,Isochilus,carnosiflorus,,,Lindl.,Verified by Kew
350,706162_03,706162,350.jpg,2560,2048,2560_2048,K:MSB-000706162,Isochilus carnosiflorus,Isochilus,carnosiflorus,,,Lindl.,Verified by Kew
351,642660_00,642660,351.jpg,2560,1920,2560_1920,K:MSB-000642660,Epidendrum nocturnum,Epidendrum,nocturnum,,,Jacq.,Verified by Kew
352,642660_01,642660,352.jpg,2560,1920,2560_1920,K:MSB-000642660,Epidendrum nocturnum,Epidendrum,nocturnum,,,Jacq.,Verified by Kew
353,642660_02,642660,353.jpg,2560,1920,2560_1920,K:MSB-000642660,Epidendrum nocturnum,Epidendrum,nocturnum,,,Jacq.,Verified by Kew
354,652351_00,652351,354.jpg,2560,1920,2560_1920,K:MSB-000652351,Dendrobium sladei,Dendrobium,sladei,,,J.J.Wood & P.J.Cribb,Verified by Kew
355,652351_01,652351,355.jpg,2560,1920,2560_1920,K:MSB-000652351,Dendrobium sladei,Dendrobium,sladei,,,J.J.Wood & P.J.Cribb,Verified by Kew
356,652351_02,652351,356.jpg,2560,1920,2560_1920,K:MSB-000652351,Dendrobium sladei,Dendrobium,sladei,,,J.J.Wood & P.J.Cribb,Verified by Kew
357,693215_00,693215,357.jpg,2560,2048,2560_2048,K:MSB-000693215,Dendrobium loddigesii,Dendrobium,loddigesii,,,Rolfe,Verified by Kew
358,693215_01,693215,358.jpg,2560,2048,2560_2048,K:MSB-000693215,Dendrobium loddigesii,Dendrobium,loddigesii,,,Rolfe,Verified by Kew
359,693215_02,693215,359.jpg,2560,2048,2560_2048,K:MSB-000693215,Dendrobium loddigesii,Dendrobium,loddigesii,,,Rolfe,Verified by Kew
360,661805_00,661805,360.jpg,2560,2048,2560_2048,K:MSB-000661805,Cymbidium bicolor subsp. pubescens,Cymbidium,bicolor,subsp.,pubescens,(Lindl.) Du Puy & P.J.Cribb,Verified by Kew
361,661805_01,661805,361.jpg,2560,2048,2560_2048,K:MSB-000661805,Cymbidium bicolor subsp. pubescens,Cymbidium,bicolor,subsp.,pubescens,(Lindl.) Du Puy & P.J.Cribb,Verified by Kew
362,661805_02,661805,362.jpg,2560,2048,2560_2048,K:MSB-000661805,Cymbidium bicolor subsp. pubescens,Cymbidium,bicolor,subsp.,pubescens,(Lindl.) Du Puy & P.J.Cribb,Verified by Kew
363,661805_03,661805,363.jpg,2560,2048,2560_2048,K:MSB-000661805,Cymbidium bicolor subsp. pubescens,Cymbidium,bicolor,subsp.,pubescens,(Lindl.) Du Puy & P.J.Cribb,Verified by Kew
364,309529_00,309529,364.jpg,2560,2048,2560_2048,K:MSB-000309529,Coelogyne cymbidioides,Coelogyne,cymbidioides,,,Rchb.f.,Identification by collector unverified
365,309529_01,309529,365.jpg,2560,2048,2560_2048,K:MSB-000309529,Coelogyne cymbidioides,Coelogyne,cymbidioides,,,Rchb.f.,Identification by collector unverified
366,309529_02,309529,366.jpg,2560,2048,2560_2048,K:MSB-000309529,Coelogyne cymbidioides,Coelogyne,cymbidioides,,,Rchb.f.,Identification by collector unverified
367,294807_00,294807,367.jpg,2560,2048,2560_2048,K:MSB-000294807,Coelogyne susanae,Coelogyne,susanae,,,P.J.Cribb & B.A.Lewis,Verified by Kew
368,294807_01,294807,368.jpg,2560,2048,2560_2048,K:MSB-000294807,Coelogyne susanae,Coelogyne,susanae,,,P.J.Cribb & B.A.Lewis,Verified by Kew
369,294807_02,294807,369.jpg,2560,2048,2560_2048,K:MSB-000294807,Coelogyne susanae,Coelogyne,susanae,,,P.J.Cribb & B.A.Lewis,Verified by Kew
370,299178_00,299178,370.jpg,2560,2048,2560_2048,K:MSB-000299178,Dendrobium polyanthum,Dendrobium,polyanthum,,,Wall. ex Lindl.,Verified by Kew
371,299178_01,299178,371.jpg,2560,2048,2560_2048,K:MSB-000299178,Dendrobium polyanthum,Dendrobium,polyanthum,,,Wall. ex Lindl.,Verified by Kew
372,299178_02,299178,372.jpg,2560,2048,2560_2048,K:MSB-000299178,Dendrobium polyanthum,Dendrobium,polyanthum,,,Wall. ex Lindl.,Verified by Kew
373,663566_00,663566,373.jpg,2560,2048,2560_2048,K:MSB-000663566,Jumellea arachnantha,Jumellea,arachnantha,,,(Rchb.f.) Schltr.,Verified by Kew
374,663566_01,663566,374.jpg,2560,2048,2560_2048,K:MSB-000663566,Jumellea arachnantha,Jumellea,arachnantha,,,(Rchb.f.) Schltr.,Verified by Kew
375,663566_02,663566,375.jpg,2560,2048,2560_2048,K:MSB-000663566,Jumellea arachnantha,Jumellea,arachnantha,,,(Rchb.f.) Schltr.,Verified by Kew
376,313997_00,313997,376.jpg,2560,2048,2560_2048,K:MSB-000313997,Oncidium reflexum,Oncidium,reflexum,,,Lindl.,Identification by collector unverified
377,313997_01,313997,377.jpg,2560,2048,2560_2048,K:MSB-000313997,Oncidium reflexum,Oncidium,reflexum,,,Lindl.,Identification by collector unverified
378,313997_02,313997,378.jpg,2560,2048,2560_2048,K:MSB-000313997,Oncidium reflexum,Oncidium,reflexum,,,Lindl.,Identification by collector unverified
379,649142_00,649142,379.jpg,2560,2048,2560_2048,K:MSB-000649142,Ansellia africana,Ansellia,africana,,,Lindl.,Verified by Kew
380,649142_01,649142,380.jpg,2560,2048,2560_2048,K:MSB-000649142,Ansellia africana,Ansellia,africana,,,Lindl.,Verified by Kew
381,649142_02,649142,381.jpg,2560,2048,2560_2048,K:MSB-000649142,Ansellia africana,Ansellia,africana,,,Lindl.,Verified by Kew
382,649142_03,649142,382.jpg,2560,2048,2560_2048,K:MSB-000649142,Ansellia africana,Ansellia,africana,,,Lindl.,Verified by Kew
383,649142_04,649142,383.jpg,2560,2048,2560_2048,K:MSB-000649142,Ansellia africana,Ansellia,africana,,,Lindl.,Verified by Kew
384,649142_05,649142,384.jpg,2560,2048,2560_2048,K:MSB-000649142,Ansellia africana,Ansellia,africana,,,Lindl.,Verified by Kew
385,649142_06,649142,385.jpg,2560,2048,2560_2048,K:MSB-000649142,Ansellia africana,Ansellia,africana,,,Lindl.,Verified by Kew
386,636748_00,636748,386.jpg,2560,2048,2560_2048,K:MSB-000636748,Cymbidium bicolor subsp. pubescens,Cymbidium,bicolor,subsp.,pubescens,(Lindl.) Du Puy & P.J.Cribb,Verified by Kew
387,636748_01,636748,387.jpg,2560,2048,2560_2048,K:MSB-000636748,Cymbidium bicolor subsp. pubescens,Cymbidium,bicolor,subsp.,pubescens,(Lindl.) Du Puy & P.J.Cribb,Verified by Kew
388,636748_02,636748,388.jpg,2560,2048,2560_2048,K:MSB-000636748,Cymbidium bicolor subsp. pubescens,Cymbidium,bicolor,subsp.,pubescens,(Lindl.) Du Puy & P.J.Cribb,Verified by Kew
389,636748_03,636748,389.jpg,2560,2048,2560_2048,K:MSB-000636748,Cymbidium bicolor subsp. pubescens,Cymbidium,bicolor,subsp.,pubescens,(Lindl.) Du Puy & P.J.Cribb,Verified by Kew
390,642408_00,642408,390.jpg,2560,2048,2560_2048,K:MSB-000642408,Cymbidium bicolor,Cymbidium,bicolor,,,Lindl.,Verified by Kew
391,642408_01,642408,391.jpg,2560,2048,2560_2048,K:MSB-000642408,Cymbidium bicolor,Cymbidium,bicolor,,,Lindl.,Verified by Kew
392,642408_02,642408,392.jpg,2560,2048,2560_2048,K:MSB-000642408,Cymbidium bicolor,Cymbidium,bicolor,,,Lindl.,Verified by Kew
393,642408_03,642408,393.jpg,2560,2048,2560_2048,K:MSB-000642408,Cymbidium bicolor,Cymbidium,bicolor,,,Lindl.,Verified by Kew
394,642408_04,642408,394.jpg,2560,2048,2560_2048,K:MSB-000642408,Cymbidium bicolor,Cymbidium,bicolor,,,Lindl.,Verified by Kew
395,661735_00,661735,395.jpg,2560,2048,2560_2048,K:MSB-000661735,Dendrobium moschatum,Dendrobium,moschatum,,,(Banks) Sw.,Verified by Kew
396,661735_01,661735,396.jpg,2560,2048,2560_2048,K:MSB-000661735,Dendrobium moschatum,Dendrobium,moschatum,,,(Banks) Sw.,Verified by Kew
397,661735_02,661735,397.jpg,2560,2048,2560_2048,K:MSB-000661735,Dendrobium moschatum,Dendrobium,moschatum,,,(Banks) Sw.,Verified by Kew
398,661735_03,661735,398.jpg,2560,2048,2560_2048,K:MSB-000661735,Dendrobium moschatum,Dendrobium,moschatum,,,(Banks) Sw.,Verified by Kew
399,661735_04,661735,399.jpg,2560,2048,2560_2048,K:MSB-000661735,Dendrobium moschatum,Dendrobium,moschatum,,,(Banks) Sw.,Verified by Kew
400,784720_00,784720,400.jpg,2560,2048,2560_2048,K:MSB-000784720,Epidendrum secundum,Epidendrum,secundum,,,Jacq.,Verified by Kew
401,784720_01,784720,401.jpg,2560,2048,2560_2048,K:MSB-000784720,Epidendrum secundum,Epidendrum,secundum,,,Jacq.,Verified by Kew
402,784720_02,784720,402.jpg,2560,2048,2560_2048,K:MSB-000784720,Epidendrum secundum,Epidendrum,secundum,,,Jacq.,Verified by Kew
403,784720_03,784720,403.jpg,2560,2048,2560_2048,K:MSB-000784720,Epidendrum secundum,Epidendrum,secundum,,,Jacq.,Verified by Kew
404,784720_04,784720,404.jpg,2560,2048,2560_2048,K:MSB-000784720,Epidendrum secundum,Epidendrum,secundum,,,Jacq.,Verified by Kew
405,642372_00,642372,405.jpg,2560,2048,2560_2048,K:MSB-000642372,Cymbidium bicolor,Cymbidium,bicolor,,,Lindl.,Verified by Kew
406,642372_01,642372,406.jpg,2560,2048,2560_2048,K:MSB-000642372,Cymbidium bicolor,Cymbidium,bicolor,,,Lindl.,Verified by Kew
407,642372_02,642372,407.jpg,2560,2048,2560_2048,K:MSB-000642372,Cymbidium bicolor,Cymbidium,bicolor,,,Lindl.,Verified by Kew
408,642372_03,642372,408.jpg,2560,2048,2560_2048,K:MSB-000642372,Cymbidium bicolor,Cymbidium,bicolor,,,Lindl.,Verified by Kew
409,642372_04,642372,409.jpg,2560,2048,2560_2048,K:MSB-000642372,Cymbidium bicolor,Cymbidium,bicolor,,,Lindl.,Verified by Kew
410,642394_00,642394,410.jpg,2560,2048,2560_2048,K:MSB-000642394,Cymbidium bicolor,Cymbidium,bicolor,,,Lindl.,Verified by Kew
411,642394_01,642394,411.jpg,2560,2048,2560_2048,K:MSB-000642394,Cymbidium bicolor,Cymbidium,bicolor,,,Lindl.,Verified by Kew
412,642394_02,642394,412.jpg,2560,2048,2560_2048,K:MSB-000642394,Cymbidium bicolor,Cymbidium,bicolor,,,Lindl.,Verified by Kew
413,288424_00,288424,413.jpg,2560,2048,2560_2048,K:MSB-000288424,Helleriella guerrerensis,Helleriella,guerrerensis,,,Dressler & Hágsater,Verified by other institution
414,288424_01,288424,414.jpg,2560,2048,2560_2048,K:MSB-000288424,Helleriella guerrerensis,Helleriella,guerrerensis,,,Dressler & Hágsater,Verified by other institution
415,288424_02,288424,415.jpg,2560,2048,2560_2048,K:MSB-000288424,Helleriella guerrerensis,Helleriella,guerrerensis,,,Dressler & Hágsater,Verified by other institution
416,288424_03,288424,416.jpg,2560,2048,2560_2048,K:MSB-000288424,Helleriella guerrerensis,Helleriella,guerrerensis,,,Dressler & Hágsater,Verified by other institution
417,291150_00,291150,417.jpg,2560,2048,2560_2048,K:MSB-000291150,Angraecum birrimense,Angraecum,birrimense,,,Rolfe,Verified by Kew
418,291150_01,291150,418.jpg,2560,2048,2560_2048,K:MSB-000291150,Angraecum birrimense,Angraecum,birrimense,,,Rolfe,Verified by Kew
419,311867_00,311867,419.jpg,2560,2048,2560_2048,K:MSB-000311867,Phalaenopsis mariae,Phalaenopsis,mariae,,,Burb.ex R.Warner & H.Williams,Verified by Kew
420,311867_01,311867,420.jpg,2560,2048,2560_2048,K:MSB-000311867,Phalaenopsis mariae,Phalaenopsis,mariae,,,Burb.ex R.Warner & H.Williams,Verified by Kew
421,878225_00,878225,421.jpg,2560,2048,2560_2048,K:MSB-000878225,Polystachya concreta,Polystachya,concreta,,,(Jacq.) Garay & H.R.Sweet,Verified by Kew
422,878225_01,878225,422.jpg,2560,2048,2560_2048,K:MSB-000878225,Polystachya concreta,Polystachya,concreta,,,(Jacq.) Garay & H.R.Sweet,Verified by Kew
423,878225_02,878225,423.jpg,2560,2048,2560_2048,K:MSB-000878225,Polystachya concreta,Polystachya,concreta,,,(Jacq.) Garay & H.R.Sweet,Verified by Kew
424,878225_03,878225,424.jpg,2560,2048,2560_2048,K:MSB-000878225,Polystachya concreta,Polystachya,concreta,,,(Jacq.) Garay & H.R.Sweet,Verified by Kew
426,834511_00,834511,426.jpg,2560,2048,2560_2048,K:MSB-000834511,Polystachya foliosa,Polystachya,foliosa,,,(Hook.) Rchb.f.,Verified by Kew
427,834511_01,834511,427.jpg,2560,2048,2560_2048,K:MSB-000834511,Polystachya foliosa,Polystachya,foliosa,,,(Hook.) Rchb.f.,Verified by Kew
428,834511_02,834511,428.jpg,2560,2048,2560_2048,K:MSB-000834511,Polystachya foliosa,Polystachya,foliosa,,,(Hook.) Rchb.f.,Verified by Kew
429,830786_00,830786,429.jpg,2560,2048,2560_2048,K:MSB-000830786,Vandopsis gigantea,Vandopsis,gigantea,,,(Lindl.) Pfitzer,Verified by Kew
430,830786_01,830786,430.jpg,2560,2048,2560_2048,K:MSB-000830786,Vandopsis gigantea,Vandopsis,gigantea,,,(Lindl.) Pfitzer,Verified by Kew
431,830719_00,830719,431.jpg,2560,2048,2560_2048,K:MSB-000830719,Dendrobium tetragonum,Dendrobium,tetragonum,,,A.Cunn.,Verified by Kew
432,830719_01,830719,432.jpg,2560,2048,2560_2048,K:MSB-000830719,Dendrobium tetragonum,Dendrobium,tetragonum,,,A.Cunn.,Verified by Kew
433,830719_02,830719,433.jpg,2560,2048,2560_2048,K:MSB-000830719,Dendrobium tetragonum,Dendrobium,tetragonum,,,A.Cunn.,Verified by Kew
434,830719_03,830719,434.jpg,2560,2048,2560_2048,K:MSB-000830719,Dendrobium tetragonum,Dendrobium,tetragonum,,,A.Cunn.,Verified by Kew
435,834522_00,834522,435.jpg,2560,2048,2560_2048,K:MSB-000834522,Scaphyglottis pulchella,Scaphyglottis,pulchella,,,(Schltr.) L.O.Williams,Verified by Kew
436,834522_01,834522,436.jpg,2560,2048,2560_2048,K:MSB-000834522,Scaphyglottis pulchella,Scaphyglottis,pulchella,,,(Schltr.) L.O.Williams,Verified by Kew
437,834522_02,834522,437.jpg,2560,2048,2560_2048,K:MSB-000834522,Scaphyglottis pulchella,Scaphyglottis,pulchella,,,(Schltr.) L.O.Williams,Verified by Kew
438,834522_03,834522,438.jpg,2560,2048,2560_2048,K:MSB-000834522,Scaphyglottis pulchella,Scaphyglottis,pulchella,,,(Schltr.) L.O.Williams,Verified by Kew
439,834647_00,834647,439.jpg,2560,2048,2560_2048,K:MSB-000834647,Stanhopea wardii,Stanhopea,wardii,,,Lodd. ex Lindl.,Verified by Kew
440,834647_01,834647,440.jpg,2560,2048,2560_2048,K:MSB-000834647,Stanhopea wardii,Stanhopea,wardii,,,Lodd. ex Lindl.,Verified by Kew
441,834647_02,834647,441.jpg,2560,2048,2560_2048,K:MSB-000834647,Stanhopea wardii,Stanhopea,wardii,,,Lodd. ex Lindl.,Verified by Kew
442,834647_03,834647,442.jpg,2560,2048,2560_2048,K:MSB-000834647,Stanhopea wardii,Stanhopea,wardii,,,Lodd. ex Lindl.,Verified by Kew
443,834647_04,834647,443.jpg,2560,2048,2560_2048,K:MSB-000834647,Stanhopea wardii,Stanhopea,wardii,,,Lodd. ex Lindl.,Verified by Kew
444,830708_00,830708,444.jpg,2560,2048,2560_2048,K:MSB-000830708,Polystachya rosea,Polystachya,rosea,,,Ridl.,Verified by Kew
445,830708_01,830708,445.jpg,2560,2048,2560_2048,K:MSB-000830708,Polystachya rosea,Polystachya,rosea,,,Ridl.,Verified by Kew
446,830708_02,830708,446.jpg,2560,2048,2560_2048,K:MSB-000830708,Polystachya rosea,Polystachya,rosea,,,Ridl.,Verified by Kew
447,877273_00,877273,447.jpg,2560,2048,2560_2048,K:MSB-000877273,Coryanthes macrantha,Coryanthes,macrantha,,,(Hook.) Hook.,Verified by Kew
448,877273_01,877273,448.jpg,2560,2048,2560_2048,K:MSB-000877273,Coryanthes macrantha,Coryanthes,macrantha,,,(Hook.) Hook.,Verified by Kew
449,877273_02,877273,449.jpg,2560,2048,2560_2048,K:MSB-000877273,Coryanthes macrantha,Coryanthes,macrantha,,,(Hook.) Hook.,Verified by Kew
450,877273_03,877273,450.jpg,2560,2048,2560_2048,K:MSB-000877273,Coryanthes macrantha,Coryanthes,macrantha,,,(Hook.) Hook.,Verified by Kew
451,877273_04,877273,451.jpg,2560,2048,2560_2048,K:MSB-000877273,Coryanthes macrantha,Coryanthes,macrantha,,,(Hook.) Hook.,Verified by Kew
452,877181_00,877181,452.jpg,2560,2048,2560_2048,K:MSB-000877181,Cymbidium rectum,Cymbidium,rectum,,,Ridl.,Verified by Kew
453,877181_01,877181,453.jpg,2560,2048,2560_2048,K:MSB-000877181,Cymbidium rectum,Cymbidium,rectum,,,Ridl.,Verified by Kew
454,877181_02,877181,454.jpg,2560,2048,2560_2048,K:MSB-000877181,Cymbidium rectum,Cymbidium,rectum,,,Ridl.,Verified by Kew
455,877181_03,877181,455.jpg,2560,2048,2560_2048,K:MSB-000877181,Cymbidium rectum,Cymbidium,rectum,,,Ridl.,Verified by Kew
456,877284_00,877284,456.jpg,2560,2048,2560_2048,K:MSB-000877284,Jacquiniella equitantifolia,Jacquiniella,equitantifolia,,,(Ames) Dressler,Verified by Kew
457,877284_01,877284,457.jpg,2560,2048,2560_2048,K:MSB-000877284,Jacquiniella equitantifolia,Jacquiniella,equitantifolia,,,(Ames) Dressler,Verified by Kew
458,877284_02,877284,458.jpg,2560,2048,2560_2048,K:MSB-000877284,Jacquiniella equitantifolia,Jacquiniella,equitantifolia,,,(Ames) Dressler,Verified by Kew
459,917258_00,917258,459.jpg,2560,2048,2560_2048,K:MSB-000917258,Dendrobium stuposum,Dendrobium,stuposum,,,Lindl.,Verified by Kew
460,917258_01,917258,460.jpg,2560,2048,2560_2048,K:MSB-000917258,Dendrobium stuposum,Dendrobium,stuposum,,,Lindl.,Verified by Kew
461,917258_02,917258,461.jpg,2560,2048,2560_2048,K:MSB-000917258,Dendrobium stuposum,Dendrobium,stuposum,,,Lindl.,Verified by Kew
462,917258_03,917258,462.jpg,2560,2048,2560_2048,K:MSB-000917258,Dendrobium stuposum,Dendrobium,stuposum,,,Lindl.,Verified by Kew
463,917258_04,917258,463.jpg,2560,2048,2560_2048,K:MSB-000917258,Dendrobium stuposum,Dendrobium,stuposum,,,Lindl.,Verified by Kew
464,917258_05,917258,464.jpg,2560,2048,2560_2048,K:MSB-000917258,Dendrobium stuposum,Dendrobium,stuposum,,,Lindl.,Verified by Kew
465,917258_06,917258,465.jpg,2560,2048,2560_2048,K:MSB-000917258,Dendrobium stuposum,Dendrobium,stuposum,,,Lindl.,Verified by Kew
466,933539_00,933539,466.jpg,2560,2048,2560_2048,K:MSB-000933539,Coelogyne imbricata,Coelogyne,imbricata,,,(Lindl.) Rchb.f.,Provisional identification
467,933539_01,933539,467.jpg,2560,2048,2560_2048,K:MSB-000933539,Coelogyne imbricata,Coelogyne,imbricata,,,(Lindl.) Rchb.f.,Provisional identification
468,933539_02,933539,468.jpg,2560,2048,2560_2048,K:MSB-000933539,Coelogyne imbricata,Coelogyne,imbricata,,,(Lindl.) Rchb.f.,Provisional identification
469,933539_03,933539,469.jpg,2560,2048,2560_2048,K:MSB-000933539,Coelogyne imbricata,Coelogyne,imbricata,,,(Lindl.) Rchb.f.,Provisional identification
470,961620_00,961620,470.jpg,2560,2048,2560_2048,K:MSB-000961620,Bulbophyllum quadrangulare,Bulbophyllum,quadrangulare,,,J.J.Sm.,Verified by Kew
471,961620_01,961620,471.jpg,2560,2048,2560_2048,K:MSB-000961620,Bulbophyllum quadrangulare,Bulbophyllum,quadrangulare,,,J.J.Sm.,Verified by Kew
472,1034455_00,1034455,472.jpg,2560,2048,2560_2048,K:MSB-001034455,Maxillaria schunkeana,Maxillaria,schunkeana,,,Campacci & Kautsky,Provisional identification
473,1034455_01,1034455,473.jpg,2560,2048,2560_2048,K:MSB-001034455,Maxillaria schunkeana,Maxillaria,schunkeana,,,Campacci & Kautsky,Provisional identification
474,1034455_02,1034455,474.jpg,2560,2048,2560_2048,K:MSB-001034455,Maxillaria schunkeana,Maxillaria,schunkeana,,,Campacci & Kautsky,Provisional identification
475,1034499_00,1034499,475.jpg,2560,2048,2560_2048,K:MSB-001034499,Maxillaria violaceopunctata,Maxillaria,violaceopunctata,,,Rchb.f.,Provisional identification
476,1034499_01,1034499,476.jpg,2560,2048,2560_2048,K:MSB-001034499,Maxillaria violaceopunctata,Maxillaria,violaceopunctata,,,Rchb.f.,Provisional identification
477,1034499_02,1034499,477.jpg,2560,2048,2560_2048,K:MSB-001034499,Maxillaria violaceopunctata,Maxillaria,violaceopunctata,,,Rchb.f.,Provisional identification
478,1037685_00,1037685,478.jpg,2560,2048,2560_2048,K:MSB-001037685,Maxillaria porrecta,Maxillaria,porrecta,,,Lindl.,Provisional identification
479,1037685_01,1037685,479.jpg,2560,2048,2560_2048,K:MSB-001037685,Maxillaria porrecta,Maxillaria,porrecta,,,Lindl.,Provisional identification
480,1037685_02,1037685,480.jpg,2560,2048,2560_2048,K:MSB-001037685,Maxillaria porrecta,Maxillaria,porrecta,,,Lindl.,Provisional identification
482,834511_00,834511,482.jpg,2560,2048,2560_2048,K:MSB-000834511,Polystachya foliosa,Polystachya,foliosa,,,(Hook.) Rchb.f.,Verified by Kew
483,834511_01,834511,483.jpg,2560,2048,2560_2048,K:MSB-000834511,Polystachya foliosa,Polystachya,foliosa,,,(Hook.) Rchb.f.,Verified by Kew
484,834511_02,834511,484.jpg,2560,2048,2560_2048,K:MSB-000834511,Polystachya foliosa,Polystachya,foliosa,,,(Hook.) Rchb.f.,Verified by Kew
485,830708_00,830708,485.jpg,2560,2048,2560_2048,K:MSB-000830708,Polystachya rosea,Polystachya,rosea,,,Ridl.,Verified by Kew
486,830708_01,830708,486.jpg,2560,2048,2560_2048,K:MSB-000830708,Polystachya rosea,Polystachya,rosea,,,Ridl.,Verified by Kew
487,830708_02,830708,487.jpg,2560,2048,2560_2048,K:MSB-000830708,Polystachya rosea,Polystachya,rosea,,,Ridl.,Verified by Kew
488,830719_00,830719,488.jpg,2560,2048,2560_2048,K:MSB-000830719,Dendrobium tetragonum,Dendrobium,tetragonum,,,A.Cunn.,Verified by Kew
489,830719_01,830719,489.jpg,2560,2048,2560_2048,K:MSB-000830719,Dendrobium tetragonum,Dendrobium,tetragonum,,,A.Cunn.,Verified by Kew
490,830719_02,830719,490.jpg,2560,2048,2560_2048,K:MSB-000830719,Dendrobium tetragonum,Dendrobium,tetragonum,,,A.Cunn.,Verified by Kew
491,830719_03,830719,491.jpg,2560,2048,2560_2048,K:MSB-000830719,Dendrobium tetragonum,Dendrobium,tetragonum,,,A.Cunn.,Verified by Kew
492,830786_00,830786,492.jpg,2560,2048,2560_2048,K:MSB-000830786,Vandopsis gigantea,Vandopsis,gigantea,,,(Lindl.) Pfitzer,Verified by Kew
493,830786_01,830786,493.jpg,2560,2048,2560_2048,K:MSB-000830786,Vandopsis gigantea,Vandopsis,gigantea,,,(Lindl.) Pfitzer,Verified by Kew
494,830786_02,830786,494.jpg,2560,2048,2560_2048,K:MSB-000830786,Vandopsis gigantea,Vandopsis,gigantea,,,(Lindl.) Pfitzer,Verified by Kew
495,834522_00,834522,495.jpg,2560,2048,2560_2048,K:MSB-000834522,Scaphyglottis pulchella,Scaphyglottis,pulchella,,,(Schltr.) L.O.Williams,Verified by Kew
496,834522_01,834522,496.jpg,2560,2048,2560_2048,K:MSB-000834522,Scaphyglottis pulchella,Scaphyglottis,pulchella,,,(Schltr.) L.O.Williams,Verified by Kew
497,834522_02,834522,497.jpg,2560,2048,2560_2048,K:MSB-000834522,Scaphyglottis pulchella,Scaphyglottis,pulchella,,,(Schltr.) L.O.Williams,Verified by Kew
498,834522_03,834522,498.jpg,2560,2048,2560_2048,K:MSB-000834522,Scaphyglottis pulchella,Scaphyglottis,pulchella,,,(Schltr.) L.O.Williams,Verified by Kew
499,877284_00,877284,499.jpg,2560,2048,2560_2048,K:MSB-000877284,Jacquiniella equitantifolia,Jacquiniella,equitantifolia,,,(Ames) Dressler,Verified by Kew
500,877284_01,877284,500.jpg,2560,2048,2560_2048,K:MSB-000877284,Jacquiniella equitantifolia,Jacquiniella,equitantifolia,,,(Ames) Dressler,Verified by Kew
501,877284_02,877284,501.jpg,2560,2048,2560_2048,K:MSB-000877284,Jacquiniella equitantifolia,Jacquiniella,equitantifolia,,,(Ames) Dressler,Verified by Kew
502,878225_00,878225,502.jpg,2560,2048,2560_2048,K:MSB-000878225,Polystachya concreta,Polystachya,concreta,,,(Jacq.) Garay & H.R.Sweet,Verified by Kew
503,878225_01,878225,503.jpg,2560,2048,2560_2048,K:MSB-000878225,Polystachya concreta,Polystachya,concreta,,,(Jacq.) Garay & H.R.Sweet,Verified by Kew
504,878225_02,878225,504.jpg,2560,2048,2560_2048,K:MSB-000878225,Polystachya concreta,Polystachya,concreta,,,(Jacq.) Garay & H.R.Sweet,Verified by Kew
505,878225_03,878225,505.jpg,2560,2048,2560_2048,K:MSB-000878225,Polystachya concreta,Polystachya,concreta,,,(Jacq.) Garay & H.R.Sweet,Verified by Kew
506,878225_04,878225,506.jpg,2560,2048,2560_2048,K:MSB-000878225,Polystachya concreta,Polystachya,concreta,,,(Jacq.) Garay & H.R.Sweet,Verified by Kew
507,878225_05,878225,507.jpg,2560,2048,2560_2048,K:MSB-000878225,Polystachya concreta,Polystachya,concreta,,,(Jacq.) Garay & H.R.Sweet,Verified by Kew
508,878225_06,878225,508.jpg,2560,2048,2560_2048,K:MSB-000878225,Polystachya concreta,Polystachya,concreta,,,(Jacq.) Garay & H.R.Sweet,Verified by Kew
509,878225_07,878225,509.jpg,2560,2048,2560_2048,K:MSB-000878225,Polystachya concreta,Polystachya,concreta,,,(Jacq.) Garay & H.R.Sweet,Verified by Kew
510,291150_00,291150,510.jpg,2560,2048,2560_2048,K:MSB-000291150,Angraecum birrimense,Angraecum,birrimense,,,Rolfe,Verified by Kew
511,291150_01,291150,511.jpg,2560,2048,2560_2048,K:MSB-000291150,Angraecum birrimense,Angraecum,birrimense,,,Rolfe,Verified by Kew
512,291150_02,291150,512.jpg,2560,2048,2560_2048,K:MSB-000291150,Angraecum birrimense,Angraecum,birrimense,,,Rolfe,Verified by Kew
513,917258_00,917258,513.jpg,2560,2048,2560_2048,K:MSB-000917258,Dendrobium stuposum,Dendrobium,stuposum,,,Lindl.,Verified by Kew
514,917258_01,917258,514.jpg,2560,2048,2560_2048,K:MSB-000917258,Dendrobium stuposum,Dendrobium,stuposum,,,Lindl.,Verified by Kew
515,917258_02,917258,515.jpg,2560,2048,2560_2048,K:MSB-000917258,Dendrobium stuposum,Dendrobium,stuposum,,,Lindl.,Verified by Kew
516,917258_03,917258,516.jpg,2560,2048,2560_2048,K:MSB-000917258,Dendrobium stuposum,Dendrobium,stuposum,,,Lindl.,Verified by Kew
517,917258_04,917258,517.jpg,2560,2048,2560_2048,K:MSB-000917258,Dendrobium stuposum,Dendrobium,stuposum,,,Lindl.,Verified by Kew
518,917258_05,917258,518.jpg,2560,2048,2560_2048,K:MSB-000917258,Dendrobium stuposum,Dendrobium,stuposum,,,Lindl.,Verified by Kew
519,917258_06,917258,519.jpg,2560,2048,2560_2048,K:MSB-000917258,Dendrobium stuposum,Dendrobium,stuposum,,,Lindl.,Verified by Kew
520,917258_07,917258,520.jpg,2560,2048,2560_2048,K:MSB-000917258,Dendrobium stuposum,Dendrobium,stuposum,,,Lindl.,Verified by Kew
521,311867_00,311867,521.jpg,2560,2048,2560_2048,K:MSB-000311867,Phalaenopsis mariae,Phalaenopsis,mariae,,,Burb.ex R.Warner & H.Williams,Verified by Kew
522,311867_01,311867,522.jpg,2560,2048,2560_2048,K:MSB-000311867,Phalaenopsis mariae,Phalaenopsis,mariae,,,Burb.ex R.Warner & H.Williams,Verified by Kew
