epoch,time,train/box_loss,train/seg_loss,train/cls_loss,train/dfl_loss,metrics/precision(B),metrics/recall(B),metrics/mAP50(B),metrics/mAP50-95(B),metrics/precision(M),metrics/recall(M),metrics/mAP50(M),metrics/mAP50-95(M),val/box_loss,val/seg_loss,val/cls_loss,val/dfl_loss,lr/pg0,lr/pg1,lr/pg2
1,50.9229,0.5775,0.83027,6.59377,1.07551,0.02861,0.2111,0.15134,0.07065,0.04159,0.26809,0.17539,0.0984,0.51698,0.73342,inf,1.02,0.00027151,0.00027151,0.00027151
2,155.796,0.57839,0.71936,4.17157,1.04458,0.02066,0.17693,0.10137,0.04911,0.03044,0.22657,0.11636,0.06081,0.58593,0.76746,inf,1.10088,0.000557174,0.000557174,0.000557174
3,180.129,0.56897,0.67768,3.0855,1.05026,0.04278,0.29555,0.19788,0.10247,0.04378,0.30185,0.1964,0.10303,0.5957,0.73192,inf,1.10089,0.000842286,0.000842286,0.000842286
4,204.3,0.54183,0.6933,2.62738,1.0285,0.90775,0.1136,0.21838,0.12464,0.9054,0.13851,0.21979,0.12288,0.55455,0.69827,inf,1.04067,0.00112643,0.00112643,0.00112643
5,228.7,0.53892,0.68455,2.57913,1.0273,0.69636,0.24236,0.24372,0.1429,0.66479,0.24102,0.24604,0.14163,0.54662,0.66202,inf,1.02166,0.00140919,0.00140919,0.00140919
6,251.071,0.51803,0.65784,2.4535,1.01445,0.71188,0.33726,0.30025,0.16717,0.70979,0.33798,0.30316,0.18825,0.55023,0.63367,inf,1.02333,0.00142029,0.00142029,0.00142029
7,273.537,0.51473,0.6368,2.36755,1.01041,0.72929,0.37259,0.32488,0.19244,0.73171,0.37214,0.32634,0.18342,0.53412,0.66939,2.7437,1.05078,0.00141647,0.00141647,0.00141647
8,295.87,0.50332,0.62401,2.33207,1.00857,0.71794,0.42097,0.36148,0.21411,0.72031,0.42258,0.36394,0.22105,0.52656,0.61578,2.58785,1.05064,0.00141196,0.00141196,0.00141196
9,317.235,0.494,0.61017,2.37003,1.00374,0.64644,0.38838,0.20635,0.11987,0.64739,0.38241,0.21299,0.12383,0.50751,0.59478,3.10745,1.03384,0.00140678,0.00140678,0.00140678
10,340.715,0.49647,0.61226,2.26186,1.00655,0.71787,0.43303,0.34505,0.21092,0.7216,0.43329,0.34799,0.20355,0.51168,0.59567,2.41194,1.04513,0.00140091,0.00140091,0.00140091
11,362.365,0.50056,0.62128,2.19786,1.01189,0.74646,0.44077,0.39866,0.24655,0.75057,0.4452,0.40419,0.22967,0.50177,0.58456,2.35843,1.03839,0.00139438,0.00139438,0.00139438
12,384.072,0.48967,0.61575,2.22557,0.9998,0.77937,0.4443,0.42192,0.25822,0.77978,0.44529,0.43129,0.25953,0.49147,0.56364,2.11252,1.02411,0.00138718,0.00138718,0.00138718
13,406.447,0.47973,0.58298,2.1135,0.97744,0.53754,0.45442,0.38508,0.23038,0.58566,0.46074,0.39891,0.21666,0.49717,0.64745,2.40979,1.0592,0.00137933,0.00137933,0.00137933
14,429.749,0.47973,0.58609,2.09341,0.98492,0.61129,0.48525,0.44836,0.27325,0.63481,0.48911,0.46128,0.27336,0.49033,0.56304,2.05919,1.03406,0.00137082,0.00137082,0.00137082
15,452.347,0.47217,0.55968,2.02004,0.97453,0.60235,0.56878,0.51652,0.31186,0.60295,0.57023,0.52266,0.31956,0.48876,0.56749,1.94139,1.01555,0.00136168,0.00136168,0.00136168
16,474.007,0.46914,0.57761,2.07908,0.97178,0.61644,0.58017,0.51905,0.32094,0.61668,0.57962,0.52553,0.31738,0.49006,0.57669,2.05979,1.02217,0.0013519,0.0013519,0.0013519
17,495.237,0.46798,0.58181,2.00274,0.98603,0.53165,0.48537,0.44256,0.27257,0.5345,0.48513,0.45205,0.27258,0.48044,0.55516,2.01699,1.02031,0.0013415,0.0013415,0.0013415
18,516.92,0.47349,0.5659,1.91228,0.98547,0.63853,0.51651,0.45808,0.28384,0.6535,0.51738,0.47254,0.27986,0.47862,0.55204,2.03879,1.01895,0.0013305,0.0013305,0.0013305
19,539.16,0.45812,0.56647,1.9645,0.98205,0.58857,0.57604,0.51297,0.31436,0.59159,0.57909,0.5179,0.30995,0.49381,0.56071,2.03912,1.02842,0.00131888,0.00131888,0.00131888
20,560.694,0.47273,0.56348,1.88387,0.97888,0.57596,0.56659,0.48274,0.29861,0.57834,0.57041,0.49239,0.30302,0.4903,0.56065,2.08786,1.03326,0.00130668,0.00130668,0.00130668
21,583.553,0.48047,0.57544,1.93385,0.97985,0.62253,0.58194,0.52312,0.32487,0.62272,0.57914,0.52573,0.32281,0.48286,0.5568,1.93481,1.02413,0.00129391,0.00129391,0.00129391
22,606.716,0.46701,0.57688,1.92151,0.97896,0.63793,0.65632,0.55593,0.35067,0.63762,0.65873,0.55731,0.3348,0.46965,0.54608,1.87534,1.00758,0.00128057,0.00128057,0.00128057
23,629.51,0.46651,0.56919,1.87824,0.97462,0.63391,0.61994,0.5645,0.36356,0.65831,0.61149,0.56764,0.35175,0.46316,0.53447,1.83816,1.00979,0.00126667,0.00126667,0.00126667
24,651.742,0.46478,0.54673,1.83372,0.9671,0.61727,0.63691,0.56238,0.35841,0.62507,0.64507,0.57139,0.34514,0.47621,0.5507,1.85206,1.0168,0.00125224,0.00125224,0.00125224
25,674.163,0.46352,0.55701,1.89099,0.97304,0.62333,0.60326,0.54824,0.34584,0.62227,0.60289,0.55478,0.3389,0.47653,0.55528,1.8048,1.00677,0.00123728,0.00123728,0.00123728
26,696.115,0.46168,0.5478,1.85399,0.96543,0.63687,0.68168,0.58096,0.37181,0.63695,0.68447,0.58433,0.36941,0.47015,0.54059,1.83024,1.00158,0.00122182,0.00122182,0.00122182
27,718.747,0.45689,0.55583,1.8243,0.97098,0.61533,0.62433,0.55322,0.35458,0.61936,0.62788,0.55895,0.3489,0.47829,0.54975,1.94421,1.01611,0.00120586,0.00120586,0.00120586
28,740.89,0.46676,0.56992,1.82808,0.97956,0.61895,0.5566,0.51587,0.33064,0.6205,0.55426,0.51915,0.32113,0.47065,0.53987,1.87075,1.00591,0.00118943,0.00118943,0.00118943
29,762.138,0.445,0.54845,1.7944,0.95983,0.6378,0.55451,0.5246,0.32941,0.64467,0.56093,0.52979,0.31676,0.467,0.56805,1.87674,1.01133,0.00117253,0.00117253,0.00117253
30,783.016,0.4482,0.54888,1.8401,0.96618,0.59029,0.62833,0.53734,0.34757,0.60234,0.636,0.54617,0.33241,0.45904,0.5609,1.89451,1.00371,0.00115519,0.00115519,0.00115519
31,804.002,0.44874,0.5482,1.83253,0.97213,0.6266,0.59026,0.5329,0.34334,0.62525,0.58739,0.53806,0.33032,0.45715,0.53257,1.79596,0.99831,0.00113742,0.00113742,0.00113742
32,825.962,0.46744,0.56279,1.87204,0.97134,0.60911,0.66958,0.55537,0.35192,0.61342,0.66651,0.55407,0.32665,0.47563,0.57136,1.82423,1.01213,0.00111924,0.00111924,0.00111924
33,847.083,0.44596,0.54269,1.79128,0.96491,0.65093,0.50096,0.4819,0.30409,0.66241,0.5027,0.48647,0.28581,0.45992,0.55142,1.90146,1.00584,0.00110066,0.00110066,0.00110066
34,868.508,0.44833,0.5386,1.75948,0.9528,0.65514,0.59363,0.55532,0.35265,0.65868,0.59593,0.55927,0.32743,0.45663,0.54815,1.7565,1.00518,0.00108172,0.00108172,0.00108172
35,890.214,0.44738,0.54691,1.72385,0.96282,0.66447,0.6387,0.58052,0.37221,0.66898,0.64268,0.58511,0.35351,0.46448,0.53272,1.73828,1.00726,0.00106242,0.00106242,0.00106242
36,911.471,0.45488,0.54374,1.77127,0.97041,0.64029,0.54681,0.51698,0.3298,0.63323,0.54826,0.51719,0.31324,0.46035,0.52357,1.78107,0.99952,0.00104278,0.00104278,0.00104278
37,933.005,0.45498,0.52983,1.75324,0.96623,0.59831,0.66096,0.55244,0.35692,0.60049,0.66291,0.55243,0.34184,0.46884,0.53792,1.76168,1.01169,0.00102282,0.00102282,0.00102282
38,954.968,0.447,0.53833,1.76014,0.96333,0.65059,0.54689,0.51771,0.32721,0.64551,0.54575,0.52003,0.32524,0.47549,0.52396,1.78303,1.01436,0.00100257,0.00100257,0.00100257
39,977.409,0.44906,0.54012,1.74724,0.95907,0.66924,0.60314,0.56289,0.36312,0.66883,0.6058,0.56437,0.35881,0.46374,0.52053,1.73473,1.00254,0.00098204,0.00098204,0.00098204
40,998.978,0.44264,0.53738,1.71293,0.95363,0.65436,0.58622,0.55028,0.35296,0.65261,0.58327,0.55025,0.33816,0.4563,0.52359,1.76028,0.99953,0.000961253,0.000961253,0.000961253
41,1020.81,0.44431,0.53982,1.71288,0.96357,0.65352,0.57058,0.53935,0.34636,0.6506,0.56825,0.53964,0.3302,0.45824,0.52496,1.76898,1.00377,0.00094023,0.00094023,0.00094023
42,1041.75,0.4434,0.52935,1.6805,0.95167,0.60734,0.72257,0.61973,0.40114,0.6137,0.72012,0.62012,0.39465,0.4591,0.52328,1.75955,1.00678,0.000918991,0.000918991,0.000918991
43,1062.78,0.44033,0.52295,1.68045,0.95759,0.64774,0.55552,0.52464,0.34328,0.64826,0.56444,0.52861,0.32595,0.45513,0.51799,1.77658,1.00029,0.000897557,0.000897557,0.000897557
44,1083.02,0.44087,0.52682,1.70569,0.95718,0.68657,0.5768,0.56398,0.35689,0.68612,0.57467,0.5674,0.35888,0.47299,0.52631,1.72443,1.00713,0.00087595,0.00087595,0.00087595
45,1104.65,0.45162,0.53338,1.67717,0.96869,0.67364,0.56053,0.54325,0.34963,0.67962,0.55876,0.54867,0.34529,0.45264,0.51413,1.759,0.99404,0.00085419,0.00085419,0.00085419
46,1125.51,0.43557,0.52762,1.66595,0.95979,0.66501,0.58424,0.55408,0.35559,0.667,0.58627,0.55911,0.34664,0.47108,0.53082,1.74998,1.01527,0.0008323,0.0008323,0.0008323
47,1147.63,0.44094,0.53206,1.60518,0.96273,0.6666,0.56034,0.53772,0.34913,0.66926,0.56218,0.54133,0.33896,0.45576,0.51492,1.77018,1.00295,0.0008103,0.0008103,0.0008103
48,1168.32,0.4447,0.53529,1.64369,0.95708,0.63022,0.65712,0.57756,0.37633,0.63046,0.65996,0.58016,0.36037,0.4533,0.51652,1.71061,0.99699,0.000788213,0.000788213,0.000788213
49,1191.03,0.44111,0.52535,1.66209,0.96243,0.64908,0.607,0.56441,0.37159,0.64816,0.60838,0.5651,0.35194,0.45008,0.51252,1.75218,0.99767,0.00076606,0.00076606,0.00076606
50,1211.91,0.4302,0.51741,1.61386,0.9498,0.68085,0.58204,0.55497,0.36253,0.67738,0.58534,0.55495,0.34125,0.44855,0.52819,1.7473,0.99467,0.000743864,0.000743864,0.000743864
51,1233.08,0.42156,0.50795,1.60876,0.94838,0.65193,0.62998,0.58356,0.38578,0.6521,0.63118,0.58609,0.36416,0.44603,0.51939,1.65866,0.99122,0.000721645,0.000721645,0.000721645
52,1254.34,0.4448,0.52299,1.61601,0.96601,0.66781,0.5427,0.53073,0.33945,0.67315,0.54405,0.53146,0.32179,0.47675,0.54269,1.83816,1.0144,0.000699426,0.000699426,0.000699426
53,1275.62,0.45104,0.53531,1.63091,0.96132,0.66327,0.61544,0.58621,0.3738,0.66826,0.61703,0.58511,0.37918,0.4782,0.51628,1.75822,1.00169,0.00067723,0.00067723,0.00067723
54,1296.89,0.44117,0.52158,1.60943,0.94874,0.70273,0.55265,0.52664,0.34129,0.70976,0.54934,0.52764,0.32729,0.46906,0.5162,1.75184,1.01166,0.000655077,0.000655077,0.000655077
55,1317.99,0.43377,0.51314,1.56677,0.95486,0.70497,0.60262,0.58812,0.38558,0.70588,0.60332,0.58715,0.36331,0.45464,0.50827,1.66945,1.00022,0.00063299,0.00063299,0.00063299
56,1339.53,0.43105,0.51111,1.58137,0.94889,0.67239,0.62961,0.58379,0.37665,0.67955,0.6229,0.58029,0.35058,0.44127,0.52109,1.66002,0.98838,0.00061099,0.00061099,0.00061099
57,1360.64,0.4266,0.50849,1.543,0.94714,0.67954,0.60743,0.57908,0.37841,0.67738,0.60901,0.57773,0.36564,0.44969,0.50626,1.68718,0.99691,0.0005891,0.0005891,0.0005891
58,1381.78,0.42019,0.49403,1.53759,0.94176,0.69208,0.59771,0.56826,0.36566,0.69161,0.59652,0.56637,0.36164,0.4647,0.51113,1.72149,1.00431,0.00056734,0.00056734,0.00056734
59,1402.89,0.42388,0.51443,1.52497,0.94026,0.69462,0.60568,0.57509,0.38323,0.69283,0.60451,0.57416,0.36757,0.45119,0.50443,1.72375,0.9922,0.000545733,0.000545733,0.000545733
60,1423.5,0.42279,0.50886,1.55731,0.94142,0.68377,0.626,0.59039,0.39112,0.68203,0.62475,0.58809,0.36736,0.44185,0.50637,1.65692,0.98884,0.000524299,0.000524299,0.000524299
61,1443.57,0.42215,0.49586,1.56527,0.94642,0.68776,0.60091,0.58334,0.38121,0.68467,0.59939,0.58393,0.36123,0.45042,0.51108,1.67374,0.99388,0.00050306,0.00050306,0.00050306
62,1465.13,0.40792,0.50034,1.50892,0.93128,0.65818,0.64581,0.59179,0.38717,0.66304,0.64927,0.59295,0.37344,0.4506,0.50632,1.64218,0.99734,0.000482037,0.000482037,0.000482037
